Resume,Category
"Name: Margaret Shields
        Email: qcarter@gmail.com
        Phone: 001-691-552-4627x084

        Summary:
        Seth Smith is a motivated professional with 5 years of experience in data science. Worked on resume screening application using Natural Language Processing, Deep Learning, TensorFlow, Python.

        Skills:
        Natural Language Processing, Deep Learning, TensorFlow, Python, Machine Learning

        Experience:
        Developed and maintained solutions related to resume screening application. Collaborated with teams to improve productivity and project delivery.

        Education:
        Master of Computer Applications

        Projects:
        Worked on resume screening application and prepared detailed reports and presentations.",Data Science
"Name: Kristen Marquez
        Email: mitchell79@yahoo.com
        Phone: 0424323047

        Summary:
        Sarah Simmons is a motivated professional with 2 years of experience in data science. Worked on sentiment analysis model using Machine Learning, Deep Learning, Python, Statistics.

        Skills:
        Machine Learning, Deep Learning, Python, Statistics, Data Analysis, NumPy, Natural Language Processing, TensorFlow

        Experience:
        Developed and maintained solutions related to sentiment analysis model. Collaborated with teams to improve productivity and project delivery.

        Education:
        Bachelor of Commerce

        Projects:
        Worked on sentiment analysis model and prepared detailed reports and presentations.",Data Science
"Name: Erica Sanchez
        Email: anthonybrown@johnson.com
        Phone: (856)935-7031

        Summary:
        Oscar Simpson is a motivated professional with 3 years of experience in data science. Worked on sentiment analysis model using SQL, Pandas, TensorFlow, Deep Learning.

        Skills:
        SQL, Pandas, TensorFlow, Deep Learning, Machine Learning, Matplotlib

        Experience:
        Developed and maintained solutions related to sentiment analysis model. Collaborated with teams to improve productivity and project delivery.

        Education:
        Bachelor of Technology in Computer Science

        Projects:
        Worked on sentiment analysis model and prepared detailed reports and presentations.",Data Science
"Name: Alex Farmer
        Email: shamilton@norman.org
        Phone: 7243606587

        Summary:
        Jeffrey Johnson is a motivated professional with 2 years of experience in data science. Worked on stock market forecasting model using Statistics, Pandas, Machine Learning, Python.

        Skills:
        Statistics, Pandas, Machine Learning, Python, Natural Language Processing, Data Analysis, Scikit-learn, Deep Learning

        Experience:
        Developed and maintained solutions related to stock market forecasting model. Collaborated with teams to improve productivity and project delivery.

        Education:
        Bachelor of Technology in Computer Science

        Projects:
        Worked on stock market forecasting model and prepared detailed reports and presentations.",Data Science
"Name: Karen Orozco
        Email: lisa49@mercado-mcdowell.biz
        Phone: +1-754-751-3721x805

        Summary:
        David Carlson is a motivated professional with 5 years of experience in data science. Worked on resume screening application using Scikit-learn, TensorFlow, Statistics, Machine Learning.

        Skills:
        Scikit-learn, TensorFlow, Statistics, Machine Learning, Python, Matplotlib, SQL

        Experience:
        Developed and maintained solutions related to resume screening application. Collaborated with teams to improve productivity and project delivery.

        Education:
        Bachelor of Business Administration

        Projects:
        Worked on resume screening application and prepared detailed reports and presentations.",Data Science
"Name: Zachary Guzman
        Email: lgilbert@hotmail.com
        Phone: 001-992-746-1130

        Summary:
        Lisa Williams is a motivated professional with 4 years of experience in data science. Worked on customer churn prediction system using SQL, Data Analysis, TensorFlow, Matplotlib.

        Skills:
        SQL, Data Analysis, TensorFlow, Matplotlib, Deep Learning, Pandas, Statistics

        Experience:
        Developed and maintained solutions related to customer churn prediction system. Collaborated with teams to improve productivity and project delivery.

        Education:
        Master of Computer Applications

        Projects:
        Worked on customer churn prediction system and prepared detailed reports and presentations.",Data Science
"Name: Leslie Willis
        Email: christopher68@cervantes-phelps.com
        Phone: 001-469-598-6612x26377

        Summary:
        Carla Harris is a motivated professional with 0 years of experience in data science. Worked on stock market forecasting model using Natural Language Processing, Python, Data Analysis, Matplotlib.

        Skills:
        Natural Language Processing, Python, Data Analysis, Matplotlib, TensorFlow

        Experience:
        Developed and maintained solutions related to stock market forecasting model. Collaborated with teams to improve productivity and project delivery.

        Education:
        Diploma in Information Technology

        Projects:
        Worked on stock market forecasting model and prepared detailed reports and presentations.",Data Science
"Name: Robin Thompson MD
        Email: vwatts@cox.com
        Phone: (127)472-0459

        Summary:
        Michael Norris is a motivated professional with 0 years of experience in data science. Worked on sales analytics dashboard using Pandas, Data Analysis, Statistics, TensorFlow.

        Skills:
        Pandas, Data Analysis, Statistics, TensorFlow, NumPy, Matplotlib

        Experience:
        Developed and maintained solutions related to sales analytics dashboard. Collaborated with teams to improve productivity and project delivery.

        Education:
        Bachelor of Business Administration

        Projects:
        Worked on sales analytics dashboard and prepared detailed reports and presentations.",Data Science
"Name: Kent Graham
        Email: wardbrian@mitchell-king.biz
        Phone: 001-583-335-7410x213

        Summary:
        Robert Perez is a motivated professional with 2 years of experience in data science. Worked on resume screening application using TensorFlow, SQL, Deep Learning, Matplotlib.

        Skills:
        TensorFlow, SQL, Deep Learning, Matplotlib, NumPy, Statistics, Scikit-learn

        Experience:
        Developed and maintained solutions related to resume screening application. Collaborated with teams to improve productivity and project delivery.

        Education:
        Bachelor of Business Administration

        Projects:
        Worked on resume screening application and prepared detailed reports and presentations.",Data Science
"Name: Alisha Smith
        Email: johnjohnson@hotmail.com
        Phone: 930.399.1203x3214

        Summary:
        Michael Alexander is a motivated professional with 4 years of experience in data science. Worked on sales analytics dashboard using TensorFlow, NumPy, Scikit-learn, Python.

        Skills:
        TensorFlow, NumPy, Scikit-learn, Python, Natural Language Processing

        Experience:
        Developed and maintained solutions related to sales analytics dashboard. Collaborated with teams to improve productivity and project delivery.

        Education:
        Master of Computer Applications

        Projects:
        Worked on sales analytics dashboard and prepared detailed reports and presentations.",Data Science
"Name: April Gonzales
        Email: christopherking@davidson.com
        Phone: 8561268100

        Summary:
        Elizabeth Decker is a motivated professional with 5 years of experience in data science. Worked on stock market forecasting model using Python, Matplotlib, Statistics, TensorFlow.

        Skills:
        Python, Matplotlib, Statistics, TensorFlow, NumPy, Natural Language Processing, Deep Learning, Data Analysis

        Experience:
        Developed and maintained solutions related to stock market forecasting model. Collaborated with teams to improve productivity and project delivery.

        Education:
        Bachelor of Technology in Computer Science

        Projects:
        Worked on stock market forecasting model and prepared detailed reports and presentations.",Data Science
"Name: Cynthia Roberts
        Email: troyshah@miller-shepherd.com
        Phone: 001-914-726-2272x8527

        Summary:
        Kelly Schneider is a motivated professional with 5 years of experience in data science. Worked on sentiment analysis model using Scikit-learn, Deep Learning, Pandas, TensorFlow.

        Skills:
        Scikit-learn, Deep Learning, Pandas, TensorFlow, Natural Language Processing, NumPy

        Experience:
        Developed and maintained solutions related to sentiment analysis model. Collaborated with teams to improve productivity and project delivery.

        Education:
        Master of Computer Applications

        Projects:
        Worked on sentiment analysis model and prepared detailed reports and presentations.",Data Science
"Name: Deborah Campbell
        Email: ydavis@yahoo.com
        Phone: (395)972-5299x043

        Summary:
        Jennifer Ortiz is a motivated professional with 4 years of experience in data science. Worked on sentiment analysis model using Python, Statistics, TensorFlow, Machine Learning.

        Skills:
        Python, Statistics, TensorFlow, Machine Learning, Deep Learning, Matplotlib

        Experience:
        Developed and maintained solutions related to sentiment analysis model. Collaborated with teams to improve productivity and project delivery.

        Education:
        Bachelor of Commerce

        Projects:
        Worked on sentiment analysis model and prepared detailed reports and presentations.",Data Science
"Name: Amanda Thomas
        Email: kathleenmiller@johnson.info
        Phone: 6870421482

        Summary:
        Andrew Burton is a motivated professional with 4 years of experience in data science. Worked on customer churn prediction system using Data Analysis, NumPy, Scikit-learn, Deep Learning.

        Skills:
        Data Analysis, NumPy, Scikit-learn, Deep Learning, Matplotlib, Machine Learning, SQL, Pandas

        Experience:
        Developed and maintained solutions related to customer churn prediction system. Collaborated with teams to improve productivity and project delivery.

        Education:
        Master of Computer Applications

        Projects:
        Worked on customer churn prediction system and prepared detailed reports and presentations.",Data Science
"Name: Kathleen Frank
        Email: tbailey@hotmail.com
        Phone: 828-944-6268

        Summary:
        Charles Stanley is a motivated professional with 1 years of experience in data science. Worked on sales analytics dashboard using Matplotlib, Machine Learning, TensorFlow, Scikit-learn.

        Skills:
        Matplotlib, Machine Learning, TensorFlow, Scikit-learn, Data Analysis, NumPy

        Experience:
        Developed and maintained solutions related to sales analytics dashboard. Collaborated with teams to improve productivity and project delivery.

        Education:
        Bachelor of Technology in Computer Science

        Projects:
        Worked on sales analytics dashboard and prepared detailed reports and presentations.",Data Science
"Name: Nathan Stewart
        Email: nwilliams@yahoo.com
        Phone: 555.904.1641

        Summary:
        Joseph Lara is a motivated professional with 1 years of experience in data science. Worked on customer churn prediction system using TensorFlow, SQL, Scikit-learn, Deep Learning.

        Skills:
        TensorFlow, SQL, Scikit-learn, Deep Learning, Pandas, Matplotlib, Statistics, Data Analysis

        Experience:
        Developed and maintained solutions related to customer churn prediction system. Collaborated with teams to improve productivity and project delivery.

        Education:
        Bachelor of Technology in Computer Science

        Projects:
        Worked on customer churn prediction system and prepared detailed reports and presentations.",Data Science
"Name: Melanie Miller
        Email: walshrobert@ramirez-martin.com
        Phone: 934-849-9168

        Summary:
        James Madden is a motivated professional with 2 years of experience in data science. Worked on stock market forecasting model using Machine Learning, Statistics, TensorFlow, Matplotlib.

        Skills:
        Machine Learning, Statistics, TensorFlow, Matplotlib, Deep Learning, Python

        Experience:
        Developed and maintained solutions related to stock market forecasting model. Collaborated with teams to improve productivity and project delivery.

        Education:
        Bachelor of Business Administration

        Projects:
        Worked on stock market forecasting model and prepared detailed reports and presentations.",Data Science
"Name: Michael Sanchez
        Email: brendan53@hotmail.com
        Phone: +1-534-097-2749x9833

        Summary:
        Carlos Cunningham is a motivated professional with 5 years of experience in data science. Worked on customer churn prediction system using Scikit-learn, TensorFlow, Natural Language Processing, Deep Learning.

        Skills:
        Scikit-learn, TensorFlow, Natural Language Processing, Deep Learning, Machine Learning, SQL, NumPy, Data Analysis

        Experience:
        Developed and maintained solutions related to customer churn prediction system. Collaborated with teams to improve productivity and project delivery.

        Education:
        Diploma in Information Technology

        Projects:
        Worked on customer churn prediction system and prepared detailed reports and presentations.",Data Science
"Name: Charles Haley
        Email: jmurphy@hotmail.com
        Phone: 694-100-6818x041

        Summary:
        Travis Cain is a motivated professional with 1 years of experience in data science. Worked on sales analytics dashboard using SQL, Matplotlib, Statistics, Deep Learning.

        Skills:
        SQL, Matplotlib, Statistics, Deep Learning, TensorFlow

        Experience:
        Developed and maintained solutions related to sales analytics dashboard. Collaborated with teams to improve productivity and project delivery.

        Education:
        Bachelor of Commerce

        Projects:
        Worked on sales analytics dashboard and prepared detailed reports and presentations.",Data Science
"Name: Ryan Barnes
        Email: crawfordantonio@rodriguez.com
        Phone: 429.263.0690x5876

        Summary:
        Todd King is a motivated professional with 1 years of experience in data science. Worked on customer churn prediction system using Pandas, Python, SQL, Deep Learning.

        Skills:
        Pandas, Python, SQL, Deep Learning, Matplotlib, Machine Learning

        Experience:
        Developed and maintained solutions related to customer churn prediction system. Collaborated with teams to improve productivity and project delivery.

        Education:
        Bachelor of Business Administration

        Projects:
        Worked on customer churn prediction system and prepared detailed reports and presentations.",Data Science
"Name: Teresa Boyd
        Email: joel27@hotmail.com
        Phone: 8805188155

        Summary:
        Tammy Landry is a motivated professional with 4 years of experience in data science. Worked on sentiment analysis model using SQL, Data Analysis, Pandas, Statistics.

        Skills:
        SQL, Data Analysis, Pandas, Statistics, TensorFlow, Deep Learning

        Experience:
        Developed and maintained solutions related to sentiment analysis model. Collaborated with teams to improve productivity and project delivery.

        Education:
        Bachelor of Commerce

        Projects:
        Worked on sentiment analysis model and prepared detailed reports and presentations.",Data Science
"Name: Lisa Flynn
        Email: nelsonanthony@tate.com
        Phone: 982.468.1643

        Summary:
        Misty Walters is a motivated professional with 4 years of experience in data science. Worked on sentiment analysis model using Statistics, TensorFlow, Data Analysis, Natural Language Processing.

        Skills:
        Statistics, TensorFlow, Data Analysis, Natural Language Processing, NumPy

        Experience:
        Developed and maintained solutions related to sentiment analysis model. Collaborated with teams to improve productivity and project delivery.

        Education:
        Diploma in Information Technology

        Projects:
        Worked on sentiment analysis model and prepared detailed reports and presentations.",Data Science
"Name: Misty Tran
        Email: jerry91@obrien-dorsey.com
        Phone: 5954754940

        Summary:
        Rick Harris is a motivated professional with 3 years of experience in data science. Worked on sales analytics dashboard using Machine Learning, Python, Scikit-learn, TensorFlow.

        Skills:
        Machine Learning, Python, Scikit-learn, TensorFlow, SQL, Statistics, Deep Learning

        Experience:
        Developed and maintained solutions related to sales analytics dashboard. Collaborated with teams to improve productivity and project delivery.

        Education:
        Diploma in Information Technology

        Projects:
        Worked on sales analytics dashboard and prepared detailed reports and presentations.",Data Science
"Name: Jennifer Meyer PhD
        Email: dfowler@hotmail.com
        Phone: +1-922-472-5059x1469

        Summary:
        Crystal Oliver is a motivated professional with 1 years of experience in data science. Worked on customer churn prediction system using Data Analysis, Deep Learning, Matplotlib, SQL.

        Skills:
        Data Analysis, Deep Learning, Matplotlib, SQL, Python, TensorFlow

        Experience:
        Developed and maintained solutions related to customer churn prediction system. Collaborated with teams to improve productivity and project delivery.

        Education:
        Master of Computer Applications

        Projects:
        Worked on customer churn prediction system and prepared detailed reports and presentations.",Data Science
"Name: Nicholas Lambert
        Email: emily03@singleton.net
        Phone: (398)909-9598

        Summary:
        Brittney Nguyen is a motivated professional with 0 years of experience in data science. Worked on sentiment analysis model using Deep Learning, SQL, Scikit-learn, NumPy.

        Skills:
        Deep Learning, SQL, Scikit-learn, NumPy, TensorFlow, Machine Learning

        Experience:
        Developed and maintained solutions related to sentiment analysis model. Collaborated with teams to improve productivity and project delivery.

        Education:
        Master of Computer Applications

        Projects:
        Worked on sentiment analysis model and prepared detailed reports and presentations.",Data Science
"Name: Alicia Lewis
        Email: moralessusan@walker-schmidt.info
        Phone: +1-361-777-1712x5628

        Summary:
        Nathan Mendez is a motivated professional with 5 years of experience in data science. Worked on stock market forecasting model using Scikit-learn, TensorFlow, Deep Learning, Statistics.

        Skills:
        Scikit-learn, TensorFlow, Deep Learning, Statistics, SQL, Pandas

        Experience:
        Developed and maintained solutions related to stock market forecasting model. Collaborated with teams to improve productivity and project delivery.

        Education:
        Master of Computer Applications

        Projects:
        Worked on stock market forecasting model and prepared detailed reports and presentations.",Data Science
"Name: Miss Crystal Miller
        Email: nobrien@hotmail.com
        Phone: 172-995-8488

        Summary:
        Mary Clark is a motivated professional with 5 years of experience in data science. Worked on resume screening application using Matplotlib, TensorFlow, Statistics, Scikit-learn.

        Skills:
        Matplotlib, TensorFlow, Statistics, Scikit-learn, Machine Learning, Pandas, Python

        Experience:
        Developed and maintained solutions related to resume screening application. Collaborated with teams to improve productivity and project delivery.

        Education:
        Diploma in Information Technology

        Projects:
        Worked on resume screening application and prepared detailed reports and presentations.",Data Science
"Name: Michelle Diaz
        Email: sheilamartin@yahoo.com
        Phone: 849-687-3661

        Summary:
        Benjamin Webb is a motivated professional with 5 years of experience in data science. Worked on sentiment analysis model using Pandas, Statistics, Python, Deep Learning.

        Skills:
        Pandas, Statistics, Python, Deep Learning, Data Analysis

        Experience:
        Developed and maintained solutions related to sentiment analysis model. Collaborated with teams to improve productivity and project delivery.

        Education:
        Bachelor of Business Administration

        Projects:
        Worked on sentiment analysis model and prepared detailed reports and presentations.",Data Science
"Name: Sheri Weaver
        Email: timothy39@ingram-smith.com
        Phone: (984)510-9582

        Summary:
        Penny Smith DVM is a motivated professional with 2 years of experience in data science. Worked on sentiment analysis model using Python, Natural Language Processing, Machine Learning, Data Analysis.

        Skills:
        Python, Natural Language Processing, Machine Learning, Data Analysis, NumPy, Statistics, SQL

        Experience:
        Developed and maintained solutions related to sentiment analysis model. Collaborated with teams to improve productivity and project delivery.

        Education:
        Bachelor of Technology in Computer Science

        Projects:
        Worked on sentiment analysis model and prepared detailed reports and presentations.",Data Science
"Name: Thomas Burgess
        Email: andrewmathis@gmail.com
        Phone: 468-826-9448x4105

        Summary:
        Michael Harrison is a motivated professional with 3 years of experience in data science. Worked on customer churn prediction system using TensorFlow, SQL, Matplotlib, Python.

        Skills:
        TensorFlow, SQL, Matplotlib, Python, NumPy

        Experience:
        Developed and maintained solutions related to customer churn prediction system. Collaborated with teams to improve productivity and project delivery.

        Education:
        Bachelor of Commerce

        Projects:
        Worked on customer churn prediction system and prepared detailed reports and presentations.",Data Science
"Name: Patricia Berry
        Email: maurice60@gmail.com
        Phone: 920-117-2543

        Summary:
        Brian Wallace is a motivated professional with 3 years of experience in data science. Worked on resume screening application using Matplotlib, Machine Learning, Python, TensorFlow.

        Skills:
        Matplotlib, Machine Learning, Python, TensorFlow, SQL, Deep Learning, Pandas

        Experience:
        Developed and maintained solutions related to resume screening application. Collaborated with teams to improve productivity and project delivery.

        Education:
        Diploma in Information Technology

        Projects:
        Worked on resume screening application and prepared detailed reports and presentations.",Data Science
"Name: Sabrina Nash
        Email: adriana81@johnson.net
        Phone: (425)492-1689x9096

        Summary:
        Jennifer Salazar is a motivated professional with 1 years of experience in data science. Worked on sales analytics dashboard using Natural Language Processing, SQL, TensorFlow, Data Analysis.

        Skills:
        Natural Language Processing, SQL, TensorFlow, Data Analysis, NumPy, Deep Learning, Python

        Experience:
        Developed and maintained solutions related to sales analytics dashboard. Collaborated with teams to improve productivity and project delivery.

        Education:
        Bachelor of Business Administration

        Projects:
        Worked on sales analytics dashboard and prepared detailed reports and presentations.",Data Science
"Name: Sheila Velazquez PhD
        Email: cheryl99@mosley-gutierrez.com
        Phone: (345)624-0500x36417

        Summary:
        Haley Nguyen is a motivated professional with 5 years of experience in data science. Worked on sentiment analysis model using Data Analysis, Deep Learning, Scikit-learn, Python.

        Skills:
        Data Analysis, Deep Learning, Scikit-learn, Python, SQL, Machine Learning, NumPy, Matplotlib

        Experience:
        Developed and maintained solutions related to sentiment analysis model. Collaborated with teams to improve productivity and project delivery.

        Education:
        Master of Computer Applications

        Projects:
        Worked on sentiment analysis model and prepared detailed reports and presentations.",Data Science
"Name: Jason Alvarez
        Email: aaronpage@gmail.com
        Phone: +1-438-226-6849x619

        Summary:
        Sandra Moore is a motivated professional with 3 years of experience in data science. Worked on sentiment analysis model using Data Analysis, Machine Learning, Matplotlib, TensorFlow.

        Skills:
        Data Analysis, Machine Learning, Matplotlib, TensorFlow, Pandas, Natural Language Processing, Python, Statistics

        Experience:
        Developed and maintained solutions related to sentiment analysis model. Collaborated with teams to improve productivity and project delivery.

        Education:
        Bachelor of Business Administration

        Projects:
        Worked on sentiment analysis model and prepared detailed reports and presentations.",Data Science
"Name: Kimberly Perez
        Email: hsullivan@dudley.com
        Phone: 150-420-8148

        Summary:
        Shannon Herman is a motivated professional with 3 years of experience in data science. Worked on sales analytics dashboard using Scikit-learn, Machine Learning, Statistics, Data Analysis.

        Skills:
        Scikit-learn, Machine Learning, Statistics, Data Analysis, Matplotlib, TensorFlow, Deep Learning, NumPy

        Experience:
        Developed and maintained solutions related to sales analytics dashboard. Collaborated with teams to improve productivity and project delivery.

        Education:
        Bachelor of Technology in Computer Science

        Projects:
        Worked on sales analytics dashboard and prepared detailed reports and presentations.",Data Science
"Name: Whitney Lopez
        Email: carloswhite@gmail.com
        Phone: 6597369292

        Summary:
        Debra Davies is a motivated professional with 2 years of experience in data science. Worked on sentiment analysis model using Natural Language Processing, SQL, Pandas, TensorFlow.

        Skills:
        Natural Language Processing, SQL, Pandas, TensorFlow, Deep Learning

        Experience:
        Developed and maintained solutions related to sentiment analysis model. Collaborated with teams to improve productivity and project delivery.

        Education:
        Master of Computer Applications

        Projects:
        Worked on sentiment analysis model and prepared detailed reports and presentations.",Data Science
"Name: Paula Snyder
        Email: chad01@hotmail.com
        Phone: 860-025-0593x586

        Summary:
        Mark Yates is a motivated professional with 0 years of experience in data science. Worked on sentiment analysis model using NumPy, TensorFlow, Data Analysis, Machine Learning.

        Skills:
        NumPy, TensorFlow, Data Analysis, Machine Learning, SQL, Scikit-learn, Matplotlib

        Experience:
        Developed and maintained solutions related to sentiment analysis model. Collaborated with teams to improve productivity and project delivery.

        Education:
        Bachelor of Technology in Computer Science

        Projects:
        Worked on sentiment analysis model and prepared detailed reports and presentations.",Data Science
"Name: Kelly Sanchez
        Email: aalvarado@yahoo.com
        Phone: (672)499-9565x00772

        Summary:
        Michael Benitez is a motivated professional with 0 years of experience in data science. Worked on sentiment analysis model using TensorFlow, Matplotlib, Machine Learning, Data Analysis.

        Skills:
        TensorFlow, Matplotlib, Machine Learning, Data Analysis, Python, Pandas, SQL, Scikit-learn

        Experience:
        Developed and maintained solutions related to sentiment analysis model. Collaborated with teams to improve productivity and project delivery.

        Education:
        Master of Computer Applications

        Projects:
        Worked on sentiment analysis model and prepared detailed reports and presentations.",Data Science
"Name: Roberto Steele
        Email: christopherhayes@henderson-barton.net
        Phone: (482)632-5351x163

        Summary:
        Marissa Howard is a motivated professional with 0 years of experience in data science. Worked on customer churn prediction system using TensorFlow, Machine Learning, NumPy, Natural Language Processing.

        Skills:
        TensorFlow, Machine Learning, NumPy, Natural Language Processing, Scikit-learn, Matplotlib, Pandas, SQL

        Experience:
        Developed and maintained solutions related to customer churn prediction system. Collaborated with teams to improve productivity and project delivery.

        Education:
        Bachelor of Business Administration

        Projects:
        Worked on customer churn prediction system and prepared detailed reports and presentations.",Data Science
"Name: John Moyer
        Email: johnhoward@gmail.com
        Phone: (475)851-7520

        Summary:
        Nathan Washington is a motivated professional with 5 years of experience in data science. Worked on sentiment analysis model using Machine Learning, Deep Learning, Scikit-learn, Pandas.

        Skills:
        Machine Learning, Deep Learning, Scikit-learn, Pandas, Matplotlib, Natural Language Processing, NumPy, Data Analysis

        Experience:
        Developed and maintained solutions related to sentiment analysis model. Collaborated with teams to improve productivity and project delivery.

        Education:
        Bachelor of Commerce

        Projects:
        Worked on sentiment analysis model and prepared detailed reports and presentations.",Data Science
"Name: Mario Sanchez
        Email: morrisonamanda@torres.com
        Phone: (485)786-2340x47995

        Summary:
        Linda Weeks is a motivated professional with 4 years of experience in data science. Worked on sales analytics dashboard using Scikit-learn, NumPy, Natural Language Processing, TensorFlow.

        Skills:
        Scikit-learn, NumPy, Natural Language Processing, TensorFlow, SQL

        Experience:
        Developed and maintained solutions related to sales analytics dashboard. Collaborated with teams to improve productivity and project delivery.

        Education:
        Bachelor of Business Administration

        Projects:
        Worked on sales analytics dashboard and prepared detailed reports and presentations.",Data Science
"Name: Laura Wright
        Email: jason69@johnson.com
        Phone: 992-070-5331x87653

        Summary:
        Donald Reyes is a motivated professional with 4 years of experience in data science. Worked on sentiment analysis model using Pandas, Matplotlib, Data Analysis, Natural Language Processing.

        Skills:
        Pandas, Matplotlib, Data Analysis, Natural Language Processing, Deep Learning, Machine Learning, Statistics, SQL

        Experience:
        Developed and maintained solutions related to sentiment analysis model. Collaborated with teams to improve productivity and project delivery.

        Education:
        Bachelor of Commerce

        Projects:
        Worked on sentiment analysis model and prepared detailed reports and presentations.",Data Science
"Name: Lisa Schneider
        Email: darrylcompton@yahoo.com
        Phone: 001-290-611-4214x04808

        Summary:
        Ronald Waters is a motivated professional with 1 years of experience in data science. Worked on sentiment analysis model using Machine Learning, Natural Language Processing, Pandas, Deep Learning.

        Skills:
        Machine Learning, Natural Language Processing, Pandas, Deep Learning, Scikit-learn, Python, TensorFlow

        Experience:
        Developed and maintained solutions related to sentiment analysis model. Collaborated with teams to improve productivity and project delivery.

        Education:
        Bachelor of Business Administration

        Projects:
        Worked on sentiment analysis model and prepared detailed reports and presentations.",Data Science
"Name: Heather Brown
        Email: nathanbutler@hopkins.info
        Phone: (137)810-3887x4947

        Summary:
        Justin Gomez Jr. is a motivated professional with 1 years of experience in data science. Worked on sales analytics dashboard using Matplotlib, Pandas, Natural Language Processing, Scikit-learn.

        Skills:
        Matplotlib, Pandas, Natural Language Processing, Scikit-learn, Data Analysis, Deep Learning

        Experience:
        Developed and maintained solutions related to sales analytics dashboard. Collaborated with teams to improve productivity and project delivery.

        Education:
        Bachelor of Technology in Computer Science

        Projects:
        Worked on sales analytics dashboard and prepared detailed reports and presentations.",Data Science
"Name: Susan Flores
        Email: ogonzalez@yahoo.com
        Phone: 146-341-8096x1169

        Summary:
        Patricia Newman DDS is a motivated professional with 3 years of experience in data science. Worked on sales analytics dashboard using Deep Learning, Machine Learning, Data Analysis, Natural Language Processing.

        Skills:
        Deep Learning, Machine Learning, Data Analysis, Natural Language Processing, SQL, TensorFlow

        Experience:
        Developed and maintained solutions related to sales analytics dashboard. Collaborated with teams to improve productivity and project delivery.

        Education:
        Diploma in Information Technology

        Projects:
        Worked on sales analytics dashboard and prepared detailed reports and presentations.",Data Science
"Name: April Cameron
        Email: jefferycordova@chan.com
        Phone: 580-400-1190x429

        Summary:
        Emma Silva is a motivated professional with 4 years of experience in data science. Worked on stock market forecasting model using Natural Language Processing, Python, Matplotlib, TensorFlow.

        Skills:
        Natural Language Processing, Python, Matplotlib, TensorFlow, SQL

        Experience:
        Developed and maintained solutions related to stock market forecasting model. Collaborated with teams to improve productivity and project delivery.

        Education:
        Bachelor of Business Administration

        Projects:
        Worked on stock market forecasting model and prepared detailed reports and presentations.",Data Science
"Name: Nancy Huffman
        Email: martinrobert@moss.com
        Phone: 9776966367

        Summary:
        Samantha Powers is a motivated professional with 2 years of experience in data science. Worked on sentiment analysis model using Pandas, Statistics, TensorFlow, Scikit-learn.

        Skills:
        Pandas, Statistics, TensorFlow, Scikit-learn, NumPy, Matplotlib

        Experience:
        Developed and maintained solutions related to sentiment analysis model. Collaborated with teams to improve productivity and project delivery.

        Education:
        Bachelor of Technology in Computer Science

        Projects:
        Worked on sentiment analysis model and prepared detailed reports and presentations.",Data Science
"Name: Cristian Gray
        Email: amychang@hotmail.com
        Phone: 001-739-177-7045x9450

        Summary:
        Charles Contreras is a motivated professional with 5 years of experience in data science. Worked on stock market forecasting model using Python, NumPy, SQL, Statistics.

        Skills:
        Python, NumPy, SQL, Statistics, Scikit-learn, Data Analysis

        Experience:
        Developed and maintained solutions related to stock market forecasting model. Collaborated with teams to improve productivity and project delivery.

        Education:
        Bachelor of Business Administration

        Projects:
        Worked on stock market forecasting model and prepared detailed reports and presentations.",Data Science
"Name: Jody Swanson
        Email: wgreen@yahoo.com
        Phone: 712.592.4068

        Summary:
        David Young is a motivated professional with 0 years of experience in data science. Worked on sentiment analysis model using Matplotlib, TensorFlow, Python, NumPy.

        Skills:
        Matplotlib, TensorFlow, Python, NumPy, Machine Learning, Scikit-learn, Pandas, Statistics

        Experience:
        Developed and maintained solutions related to sentiment analysis model. Collaborated with teams to improve productivity and project delivery.

        Education:
        Bachelor of Commerce

        Projects:
        Worked on sentiment analysis model and prepared detailed reports and presentations.",Data Science
"Name: Elizabeth Ballard
        Email: lanekristen@mack.biz
        Phone: 160-618-8222

        Summary:
        Melinda Smith is a motivated professional with 1 years of experience in data science. Worked on sales analytics dashboard using Natural Language Processing, Data Analysis, NumPy, Matplotlib.

        Skills:
        Natural Language Processing, Data Analysis, NumPy, Matplotlib, Pandas, Statistics, Scikit-learn

        Experience:
        Developed and maintained solutions related to sales analytics dashboard. Collaborated with teams to improve productivity and project delivery.

        Education:
        Bachelor of Commerce

        Projects:
        Worked on sales analytics dashboard and prepared detailed reports and presentations.",Data Science
"Name: Justin Martinez
        Email: jonathanwilliams@bailey.com
        Phone: 001-509-850-7931x2910

        Summary:
        Jesse Figueroa is a motivated professional with 3 years of experience in web development. Worked on restaurant booking system using MongoDB, HTML, REST API, Git.

        Skills:
        MongoDB, HTML, REST API, Git, Frontend Development, CSS, React

        Experience:
        Developed and maintained solutions related to restaurant booking system. Collaborated with teams to improve productivity and project delivery.

        Education:
        Diploma in Information Technology

        Projects:
        Worked on restaurant booking system and prepared detailed reports and presentations.",Web Development
"Name: Francisco Sullivan
        Email: griffinbrian@hotmail.com
        Phone: 001-347-665-6362x56893

        Summary:
        Selena Blackburn is a motivated professional with 2 years of experience in web development. Worked on portfolio website using REST API, React, JavaScript, Frontend Development.

        Skills:
        REST API, React, JavaScript, Frontend Development, Express.js, MongoDB, Bootstrap

        Experience:
        Developed and maintained solutions related to portfolio website. Collaborated with teams to improve productivity and project delivery.

        Education:
        Bachelor of Business Administration

        Projects:
        Worked on portfolio website and prepared detailed reports and presentations.",Web Development
"Name: Logan Klein
        Email: jgray@gmail.com
        Phone: 9702691552

        Summary:
        Lauren Leonard is a motivated professional with 4 years of experience in web development. Worked on restaurant booking system using CSS, Frontend Development, Node.js, Git.

        Skills:
        CSS, Frontend Development, Node.js, Git, JavaScript

        Experience:
        Developed and maintained solutions related to restaurant booking system. Collaborated with teams to improve productivity and project delivery.

        Education:
        Bachelor of Commerce

        Projects:
        Worked on restaurant booking system and prepared detailed reports and presentations.",Web Development
"Name: Maria Johnson
        Email: jgordon@thompson-hatfield.com
        Phone: 001-346-453-6184x491

        Summary:
        Steven Mullins is a motivated professional with 3 years of experience in web development. Worked on restaurant booking system using Express.js, HTML, Git, React.

        Skills:
        Express.js, HTML, Git, React, Node.js, Bootstrap

        Experience:
        Developed and maintained solutions related to restaurant booking system. Collaborated with teams to improve productivity and project delivery.

        Education:
        Diploma in Information Technology

        Projects:
        Worked on restaurant booking system and prepared detailed reports and presentations.",Web Development
"Name: Francisco Guerra
        Email: nancyrichards@holt.com
        Phone: (142)536-8148x288

        Summary:
        Heidi Fox is a motivated professional with 1 years of experience in web development. Worked on portfolio website using Express.js, Frontend Development, React, Bootstrap.

        Skills:
        Express.js, Frontend Development, React, Bootstrap, JavaScript, Backend Development, CSS

        Experience:
        Developed and maintained solutions related to portfolio website. Collaborated with teams to improve productivity and project delivery.

        Education:
        Master of Computer Applications

        Projects:
        Worked on portfolio website and prepared detailed reports and presentations.",Web Development
"Name: Nancy Moreno
        Email: barnettsara@hotmail.com
        Phone: (523)772-6742x94596

        Summary:
        Steven Zuniga is a motivated professional with 2 years of experience in web development. Worked on e-commerce website using Node.js, HTML, JavaScript, Frontend Development.

        Skills:
        Node.js, HTML, JavaScript, Frontend Development, React, REST API

        Experience:
        Developed and maintained solutions related to e-commerce website. Collaborated with teams to improve productivity and project delivery.

        Education:
        Diploma in Information Technology

        Projects:
        Worked on e-commerce website and prepared detailed reports and presentations.",Web Development
"Name: Roger Crosby
        Email: angelacruz@yahoo.com
        Phone: 463.697.7703x803

        Summary:
        Bethany Greer is a motivated professional with 5 years of experience in web development. Worked on chat application using JavaScript, HTML, Git, Express.js.

        Skills:
        JavaScript, HTML, Git, Express.js, MongoDB

        Experience:
        Developed and maintained solutions related to chat application. Collaborated with teams to improve productivity and project delivery.

        Education:
        Master of Computer Applications

        Projects:
        Worked on chat application and prepared detailed reports and presentations.",Web Development
"Name: Kerry Cobb
        Email: keith45@hotmail.com
        Phone: +1-398-888-1265x76976

        Summary:
        Phillip Howard is a motivated professional with 4 years of experience in web development. Worked on chat application using Bootstrap, Git, Frontend Development, React.

        Skills:
        Bootstrap, Git, Frontend Development, React, REST API

        Experience:
        Developed and maintained solutions related to chat application. Collaborated with teams to improve productivity and project delivery.

        Education:
        Bachelor of Commerce

        Projects:
        Worked on chat application and prepared detailed reports and presentations.",Web Development
"Name: Gloria Wilson
        Email: freemanshannon@yahoo.com
        Phone: 150.775.9975x64814

        Summary:
        Chad Miller is a motivated professional with 2 years of experience in web development. Worked on portfolio website using REST API, HTML, JavaScript, Backend Development.

        Skills:
        REST API, HTML, JavaScript, Backend Development, Git, Frontend Development, Node.js, Express.js

        Experience:
        Developed and maintained solutions related to portfolio website. Collaborated with teams to improve productivity and project delivery.

        Education:
        Diploma in Information Technology

        Projects:
        Worked on portfolio website and prepared detailed reports and presentations.",Web Development
"Name: Donald Wallace
        Email: jboyd@hotmail.com
        Phone: +1-979-313-3050x36900

        Summary:
        Brenda Watkins is a motivated professional with 5 years of experience in web development. Worked on portfolio website using Bootstrap, HTML, Node.js, Express.js.

        Skills:
        Bootstrap, HTML, Node.js, Express.js, Git, MongoDB, JavaScript, Frontend Development

        Experience:
        Developed and maintained solutions related to portfolio website. Collaborated with teams to improve productivity and project delivery.

        Education:
        Diploma in Information Technology

        Projects:
        Worked on portfolio website and prepared detailed reports and presentations.",Web Development
"Name: Carrie Lam
        Email: jennifer86@davis.com
        Phone: (955)642-8911

        Summary:
        Taylor Maxwell is a motivated professional with 5 years of experience in web development. Worked on restaurant booking system using JavaScript, Express.js, HTML, CSS.

        Skills:
        JavaScript, Express.js, HTML, CSS, REST API, Git

        Experience:
        Developed and maintained solutions related to restaurant booking system. Collaborated with teams to improve productivity and project delivery.

        Education:
        Bachelor of Technology in Computer Science

        Projects:
        Worked on restaurant booking system and prepared detailed reports and presentations.",Web Development
"Name: Miranda Morgan
        Email: kevinperez@gmail.com
        Phone: 517.977.9630

        Summary:
        Brittany Anderson is a motivated professional with 0 years of experience in web development. Worked on e-commerce website using Backend Development, MongoDB, Node.js, React.

        Skills:
        Backend Development, MongoDB, Node.js, React, HTML

        Experience:
        Developed and maintained solutions related to e-commerce website. Collaborated with teams to improve productivity and project delivery.

        Education:
        Master of Computer Applications

        Projects:
        Worked on e-commerce website and prepared detailed reports and presentations.",Web Development
"Name: Kelly Bennett
        Email: obrienandrea@williams.com
        Phone: 001-355-051-2668

        Summary:
        Jonathan Blevins is a motivated professional with 0 years of experience in web development. Worked on chat application using MongoDB, CSS, Express.js, HTML.

        Skills:
        MongoDB, CSS, Express.js, HTML, Node.js

        Experience:
        Developed and maintained solutions related to chat application. Collaborated with teams to improve productivity and project delivery.

        Education:
        Bachelor of Business Administration

        Projects:
        Worked on chat application and prepared detailed reports and presentations.",Web Development
"Name: Michael Gardner
        Email: jamescarroll@hurst-baker.com
        Phone: 001-710-685-8163

        Summary:
        Evelyn Ortiz is a motivated professional with 0 years of experience in web development. Worked on portfolio website using Express.js, MongoDB, HTML, REST API.

        Skills:
        Express.js, MongoDB, HTML, REST API, Git, JavaScript

        Experience:
        Developed and maintained solutions related to portfolio website. Collaborated with teams to improve productivity and project delivery.

        Education:
        Diploma in Information Technology

        Projects:
        Worked on portfolio website and prepared detailed reports and presentations.",Web Development
"Name: Mr. Paul Bennett
        Email: gjones@jackson-meyer.org
        Phone: (871)226-8059x25025

        Summary:
        Brett Hernandez is a motivated professional with 5 years of experience in web development. Worked on restaurant booking system using React, Node.js, JavaScript, Bootstrap.

        Skills:
        React, Node.js, JavaScript, Bootstrap, Git, Express.js

        Experience:
        Developed and maintained solutions related to restaurant booking system. Collaborated with teams to improve productivity and project delivery.

        Education:
        Bachelor of Commerce

        Projects:
        Worked on restaurant booking system and prepared detailed reports and presentations.",Web Development
"Name: Kim Rivera
        Email: zburton@gmail.com
        Phone: 879.719.1605x47436

        Summary:
        Nicole Bowers is a motivated professional with 5 years of experience in web development. Worked on chat application using JavaScript, Express.js, Frontend Development, Git.

        Skills:
        JavaScript, Express.js, Frontend Development, Git, Bootstrap, REST API, Node.js, React

        Experience:
        Developed and maintained solutions related to chat application. Collaborated with teams to improve productivity and project delivery.

        Education:
        Diploma in Information Technology

        Projects:
        Worked on chat application and prepared detailed reports and presentations.",Web Development
"Name: Kimberly Vang
        Email: courtney03@yahoo.com
        Phone: (751)714-3121

        Summary:
        Bianca Farley is a motivated professional with 2 years of experience in web development. Worked on chat application using CSS, Bootstrap, React, Backend Development.

        Skills:
        CSS, Bootstrap, React, Backend Development, HTML, REST API, Git, MongoDB

        Experience:
        Developed and maintained solutions related to chat application. Collaborated with teams to improve productivity and project delivery.

        Education:
        Bachelor of Business Administration

        Projects:
        Worked on chat application and prepared detailed reports and presentations.",Web Development
"Name: Destiny Stevens
        Email: sophia63@hotmail.com
        Phone: 115-397-2690

        Summary:
        Denise Lozano is a motivated professional with 1 years of experience in web development. Worked on restaurant booking system using Bootstrap, CSS, Backend Development, Express.js.

        Skills:
        Bootstrap, CSS, Backend Development, Express.js, Frontend Development, Git, React, Node.js

        Experience:
        Developed and maintained solutions related to restaurant booking system. Collaborated with teams to improve productivity and project delivery.

        Education:
        Master of Computer Applications

        Projects:
        Worked on restaurant booking system and prepared detailed reports and presentations.",Web Development
"Name: Rhonda Dominguez
        Email: amandapeterson@yahoo.com
        Phone: 703-851-8628x5143

        Summary:
        Jade Brown is a motivated professional with 3 years of experience in web development. Worked on restaurant booking system using Frontend Development, CSS, HTML, Bootstrap.

        Skills:
        Frontend Development, CSS, HTML, Bootstrap, MongoDB

        Experience:
        Developed and maintained solutions related to restaurant booking system. Collaborated with teams to improve productivity and project delivery.

        Education:
        Bachelor of Commerce

        Projects:
        Worked on restaurant booking system and prepared detailed reports and presentations.",Web Development
"Name: Keith Newman
        Email: gnorris@gmail.com
        Phone: 001-795-709-1347x906

        Summary:
        Jacob Warren is a motivated professional with 2 years of experience in web development. Worked on e-commerce website using Bootstrap, MongoDB, Node.js, HTML.

        Skills:
        Bootstrap, MongoDB, Node.js, HTML, Backend Development, REST API, JavaScript, Frontend Development

        Experience:
        Developed and maintained solutions related to e-commerce website. Collaborated with teams to improve productivity and project delivery.

        Education:
        Diploma in Information Technology

        Projects:
        Worked on e-commerce website and prepared detailed reports and presentations.",Web Development
"Name: Michael Scott
        Email: smithkristina@wilkins.net
        Phone: +1-979-009-2927x516

        Summary:
        Jessica Riggs is a motivated professional with 5 years of experience in web development. Worked on portfolio website using MongoDB, Bootstrap, Backend Development, REST API.

        Skills:
        MongoDB, Bootstrap, Backend Development, REST API, React

        Experience:
        Developed and maintained solutions related to portfolio website. Collaborated with teams to improve productivity and project delivery.

        Education:
        Master of Computer Applications

        Projects:
        Worked on portfolio website and prepared detailed reports and presentations.",Web Development
"Name: Chelsea Arnold
        Email: blackwelldonna@yahoo.com
        Phone: +1-485-529-4659x1297

        Summary:
        Sarah Perry is a motivated professional with 3 years of experience in web development. Worked on portfolio website using React, Backend Development, Express.js, REST API.

        Skills:
        React, Backend Development, Express.js, REST API, Frontend Development, Git, Bootstrap, MongoDB

        Experience:
        Developed and maintained solutions related to portfolio website. Collaborated with teams to improve productivity and project delivery.

        Education:
        Bachelor of Business Administration

        Projects:
        Worked on portfolio website and prepared detailed reports and presentations.",Web Development
"Name: Caitlyn Ortiz
        Email: hollywhite@gutierrez-gutierrez.com
        Phone: +1-421-546-3937x74945

        Summary:
        Amy Ward is a motivated professional with 0 years of experience in web development. Worked on restaurant booking system using React, Node.js, Bootstrap, Backend Development.

        Skills:
        React, Node.js, Bootstrap, Backend Development, Express.js, JavaScript, REST API

        Experience:
        Developed and maintained solutions related to restaurant booking system. Collaborated with teams to improve productivity and project delivery.

        Education:
        Diploma in Information Technology

        Projects:
        Worked on restaurant booking system and prepared detailed reports and presentations.",Web Development
"Name: Amber Palmer
        Email: brandigonzalez@miller-foster.com
        Phone: (524)389-2128x24084

        Summary:
        Donald Henderson is a motivated professional with 3 years of experience in web development. Worked on restaurant booking system using Backend Development, JavaScript, Frontend Development, Bootstrap.

        Skills:
        Backend Development, JavaScript, Frontend Development, Bootstrap, Express.js

        Experience:
        Developed and maintained solutions related to restaurant booking system. Collaborated with teams to improve productivity and project delivery.

        Education:
        Master of Computer Applications

        Projects:
        Worked on restaurant booking system and prepared detailed reports and presentations.",Web Development
"Name: Jocelyn Rios
        Email: scottnavarro@gmail.com
        Phone: (122)336-2488x76572

        Summary:
        Brenda Reid is a motivated professional with 5 years of experience in web development. Worked on task management platform using JavaScript, Frontend Development, React, REST API.

        Skills:
        JavaScript, Frontend Development, React, REST API, MongoDB, Express.js, HTML

        Experience:
        Developed and maintained solutions related to task management platform. Collaborated with teams to improve productivity and project delivery.

        Education:
        Bachelor of Business Administration

        Projects:
        Worked on task management platform and prepared detailed reports and presentations.",Web Development
"Name: Crystal Strong
        Email: zmassey@thompson-haynes.com
        Phone: (530)083-9922

        Summary:
        Patricia Jacobs is a motivated professional with 2 years of experience in web development. Worked on task management platform using Git, React, Backend Development, Frontend Development.

        Skills:
        Git, React, Backend Development, Frontend Development, CSS

        Experience:
        Developed and maintained solutions related to task management platform. Collaborated with teams to improve productivity and project delivery.

        Education:
        Diploma in Information Technology

        Projects:
        Worked on task management platform and prepared detailed reports and presentations.",Web Development
"Name: William Moody
        Email: lmartinez@gmail.com
        Phone: 319-561-4030

        Summary:
        Erin Orozco is a motivated professional with 5 years of experience in web development. Worked on task management platform using Backend Development, CSS, REST API, JavaScript.

        Skills:
        Backend Development, CSS, REST API, JavaScript, Frontend Development, Express.js, React, Node.js

        Experience:
        Developed and maintained solutions related to task management platform. Collaborated with teams to improve productivity and project delivery.

        Education:
        Bachelor of Business Administration

        Projects:
        Worked on task management platform and prepared detailed reports and presentations.",Web Development
"Name: Emily Johnson
        Email: jasontucker@walton.com
        Phone: 001-683-323-6537x638

        Summary:
        Christina Garza is a motivated professional with 2 years of experience in web development. Worked on task management platform using CSS, React, MongoDB, Node.js.

        Skills:
        CSS, React, MongoDB, Node.js, REST API, Backend Development, Frontend Development

        Experience:
        Developed and maintained solutions related to task management platform. Collaborated with teams to improve productivity and project delivery.

        Education:
        Diploma in Information Technology

        Projects:
        Worked on task management platform and prepared detailed reports and presentations.",Web Development
"Name: Jeremy Owens
        Email: qanderson@guzman.com
        Phone: 955-572-3487x04195

        Summary:
        Erica Stewart is a motivated professional with 1 years of experience in web development. Worked on task management platform using Bootstrap, Express.js, React, JavaScript.

        Skills:
        Bootstrap, Express.js, React, JavaScript, Frontend Development, HTML, Node.js

        Experience:
        Developed and maintained solutions related to task management platform. Collaborated with teams to improve productivity and project delivery.

        Education:
        Bachelor of Business Administration

        Projects:
        Worked on task management platform and prepared detailed reports and presentations.",Web Development
"Name: Miss Kristina Ramos
        Email: williamsmith@yahoo.com
        Phone: 001-387-174-5414

        Summary:
        Hailey Glover is a motivated professional with 3 years of experience in web development. Worked on e-commerce website using REST API, Bootstrap, React, Backend Development.

        Skills:
        REST API, Bootstrap, React, Backend Development, CSS, JavaScript, Express.js

        Experience:
        Developed and maintained solutions related to e-commerce website. Collaborated with teams to improve productivity and project delivery.

        Education:
        Bachelor of Technology in Computer Science

        Projects:
        Worked on e-commerce website and prepared detailed reports and presentations.",Web Development
"Name: Eric Ramirez
        Email: hillmary@yahoo.com
        Phone: 0913792860

        Summary:
        Sarah Fuentes is a motivated professional with 5 years of experience in web development. Worked on e-commerce website using CSS, Frontend Development, Backend Development, Bootstrap.

        Skills:
        CSS, Frontend Development, Backend Development, Bootstrap, Node.js, MongoDB, JavaScript

        Experience:
        Developed and maintained solutions related to e-commerce website. Collaborated with teams to improve productivity and project delivery.

        Education:
        Bachelor of Commerce

        Projects:
        Worked on e-commerce website and prepared detailed reports and presentations.",Web Development
"Name: Bruce Doyle
        Email: carrie06@flores-reed.net
        Phone: 5987272641

        Summary:
        Tyler Ryan is a motivated professional with 1 years of experience in web development. Worked on restaurant booking system using React, Git, REST API, CSS.

        Skills:
        React, Git, REST API, CSS, Bootstrap, Frontend Development, Express.js, MongoDB

        Experience:
        Developed and maintained solutions related to restaurant booking system. Collaborated with teams to improve productivity and project delivery.

        Education:
        Bachelor of Business Administration

        Projects:
        Worked on restaurant booking system and prepared detailed reports and presentations.",Web Development
"Name: Sharon Bruce
        Email: shannon82@gmail.com
        Phone: 001-328-595-0495x855

        Summary:
        Erin Barker is a motivated professional with 3 years of experience in web development. Worked on task management platform using REST API, React, Bootstrap, Node.js.

        Skills:
        REST API, React, Bootstrap, Node.js, Backend Development, CSS

        Experience:
        Developed and maintained solutions related to task management platform. Collaborated with teams to improve productivity and project delivery.

        Education:
        Bachelor of Business Administration

        Projects:
        Worked on task management platform and prepared detailed reports and presentations.",Web Development
"Name: Timothy Chavez
        Email: ecooper@parks.com
        Phone: (815)667-7733x19488

        Summary:
        Jodi Downs is a motivated professional with 3 years of experience in web development. Worked on task management platform using Git, REST API, HTML, Express.js.

        Skills:
        Git, REST API, HTML, Express.js, React, Bootstrap

        Experience:
        Developed and maintained solutions related to task management platform. Collaborated with teams to improve productivity and project delivery.

        Education:
        Diploma in Information Technology

        Projects:
        Worked on task management platform and prepared detailed reports and presentations.",Web Development
"Name: Jennifer Bush
        Email: brandonwilcox@gmail.com
        Phone: (694)253-0800x4294

        Summary:
        Michael Thomas is a motivated professional with 4 years of experience in web development. Worked on portfolio website using Frontend Development, Express.js, MongoDB, Bootstrap.

        Skills:
        Frontend Development, Express.js, MongoDB, Bootstrap, React, JavaScript, Git

        Experience:
        Developed and maintained solutions related to portfolio website. Collaborated with teams to improve productivity and project delivery.

        Education:
        Diploma in Information Technology

        Projects:
        Worked on portfolio website and prepared detailed reports and presentations.",Web Development
"Name: Lauren Torres
        Email: deborahgreen@hotmail.com
        Phone: 4125775730

        Summary:
        Stacy Taylor is a motivated professional with 0 years of experience in web development. Worked on e-commerce website using Express.js, Bootstrap, JavaScript, CSS.

        Skills:
        Express.js, Bootstrap, JavaScript, CSS, Frontend Development, React, Backend Development, MongoDB

        Experience:
        Developed and maintained solutions related to e-commerce website. Collaborated with teams to improve productivity and project delivery.

        Education:
        Master of Computer Applications

        Projects:
        Worked on e-commerce website and prepared detailed reports and presentations.",Web Development
"Name: Evan Hodge
        Email: palmerkevin@ritter-murray.com
        Phone: (139)997-2412

        Summary:
        Katie Santos PhD is a motivated professional with 2 years of experience in web development. Worked on e-commerce website using HTML, CSS, JavaScript, REST API.

        Skills:
        HTML, CSS, JavaScript, REST API, Bootstrap, Backend Development, React

        Experience:
        Developed and maintained solutions related to e-commerce website. Collaborated with teams to improve productivity and project delivery.

        Education:
        Bachelor of Business Administration

        Projects:
        Worked on e-commerce website and prepared detailed reports and presentations.",Web Development
"Name: Jeff Chambers
        Email: gonzalezmargaret@hotmail.com
        Phone: (372)169-0047

        Summary:
        Kayla Burns is a motivated professional with 5 years of experience in web development. Worked on e-commerce website using Frontend Development, Express.js, React, HTML.

        Skills:
        Frontend Development, Express.js, React, HTML, Bootstrap

        Experience:
        Developed and maintained solutions related to e-commerce website. Collaborated with teams to improve productivity and project delivery.

        Education:
        Bachelor of Business Administration

        Projects:
        Worked on e-commerce website and prepared detailed reports and presentations.",Web Development
"Name: Eric Allen
        Email: valeriebarrett@hotmail.com
        Phone: 494-642-5062x4935

        Summary:
        Donna Russell is a motivated professional with 2 years of experience in web development. Worked on portfolio website using React, CSS, MongoDB, Git.

        Skills:
        React, CSS, MongoDB, Git, Express.js, Bootstrap, HTML, REST API

        Experience:
        Developed and maintained solutions related to portfolio website. Collaborated with teams to improve productivity and project delivery.

        Education:
        Bachelor of Business Administration

        Projects:
        Worked on portfolio website and prepared detailed reports and presentations.",Web Development
"Name: Jennifer Martinez
        Email: kanedebra@hotmail.com
        Phone: 167-674-7884

        Summary:
        William Chavez is a motivated professional with 3 years of experience in web development. Worked on restaurant booking system using Backend Development, Node.js, Bootstrap, Git.

        Skills:
        Backend Development, Node.js, Bootstrap, Git, React, MongoDB, CSS, Frontend Development

        Experience:
        Developed and maintained solutions related to restaurant booking system. Collaborated with teams to improve productivity and project delivery.

        Education:
        Diploma in Information Technology

        Projects:
        Worked on restaurant booking system and prepared detailed reports and presentations.",Web Development
"Name: Tanya Murphy
        Email: william70@hotmail.com
        Phone: +1-887-458-5106x241

        Summary:
        Zoe Ramos is a motivated professional with 0 years of experience in web development. Worked on restaurant booking system using Node.js, Frontend Development, Backend Development, CSS.

        Skills:
        Node.js, Frontend Development, Backend Development, CSS, JavaScript

        Experience:
        Developed and maintained solutions related to restaurant booking system. Collaborated with teams to improve productivity and project delivery.

        Education:
        Bachelor of Technology in Computer Science

        Projects:
        Worked on restaurant booking system and prepared detailed reports and presentations.",Web Development
"Name: John Davis
        Email: cguzman@acevedo.com
        Phone: +1-271-535-3947x937

        Summary:
        Cody Chang is a motivated professional with 3 years of experience in web development. Worked on e-commerce website using Backend Development, Node.js, MongoDB, CSS.

        Skills:
        Backend Development, Node.js, MongoDB, CSS, HTML, Bootstrap, Frontend Development

        Experience:
        Developed and maintained solutions related to e-commerce website. Collaborated with teams to improve productivity and project delivery.

        Education:
        Bachelor of Commerce

        Projects:
        Worked on e-commerce website and prepared detailed reports and presentations.",Web Development
"Name: Alisha Williams
        Email: simmonshector@sims.com
        Phone: 208-981-1035

        Summary:
        Samuel Wang is a motivated professional with 1 years of experience in web development. Worked on task management platform using Express.js, HTML, Bootstrap, Git.

        Skills:
        Express.js, HTML, Bootstrap, Git, CSS

        Experience:
        Developed and maintained solutions related to task management platform. Collaborated with teams to improve productivity and project delivery.

        Education:
        Bachelor of Technology in Computer Science

        Projects:
        Worked on task management platform and prepared detailed reports and presentations.",Web Development
"Name: Timothy Mccormick
        Email: ballardsheri@butler.com
        Phone: 3807929216

        Summary:
        Cynthia Woods is a motivated professional with 5 years of experience in web development. Worked on e-commerce website using Node.js, Backend Development, REST API, MongoDB.

        Skills:
        Node.js, Backend Development, REST API, MongoDB, Frontend Development

        Experience:
        Developed and maintained solutions related to e-commerce website. Collaborated with teams to improve productivity and project delivery.

        Education:
        Diploma in Information Technology

        Projects:
        Worked on e-commerce website and prepared detailed reports and presentations.",Web Development
"Name: Bryan Smith
        Email: aguilarjennifer@mason.com
        Phone: 933.221.2788x9217

        Summary:
        April Parker is a motivated professional with 4 years of experience in web development. Worked on chat application using REST API, Node.js, Frontend Development, Bootstrap.

        Skills:
        REST API, Node.js, Frontend Development, Bootstrap, Express.js, Git, HTML

        Experience:
        Developed and maintained solutions related to chat application. Collaborated with teams to improve productivity and project delivery.

        Education:
        Diploma in Information Technology

        Projects:
        Worked on chat application and prepared detailed reports and presentations.",Web Development
"Name: Amanda Guerrero
        Email: cindy04@hendricks.net
        Phone: 742.056.2213x472

        Summary:
        Christine Duncan is a motivated professional with 5 years of experience in web development. Worked on chat application using Express.js, CSS, HTML, Bootstrap.

        Skills:
        Express.js, CSS, HTML, Bootstrap, REST API, Node.js, Git

        Experience:
        Developed and maintained solutions related to chat application. Collaborated with teams to improve productivity and project delivery.

        Education:
        Bachelor of Technology in Computer Science

        Projects:
        Worked on chat application and prepared detailed reports and presentations.",Web Development
"Name: Timothy Hunt
        Email: ellisrebecca@gmail.com
        Phone: 3692614922

        Summary:
        Robert Murray is a motivated professional with 5 years of experience in web development. Worked on chat application using Backend Development, Node.js, Git, REST API.

        Skills:
        Backend Development, Node.js, Git, REST API, CSS, Frontend Development, MongoDB

        Experience:
        Developed and maintained solutions related to chat application. Collaborated with teams to improve productivity and project delivery.

        Education:
        Bachelor of Commerce

        Projects:
        Worked on chat application and prepared detailed reports and presentations.",Web Development
"Name: Amber Gordon
        Email: reedkathryn@gonzalez.com
        Phone: (314)732-2023x999

        Summary:
        Robert Simpson is a motivated professional with 2 years of experience in web development. Worked on task management platform using HTML, React, Express.js, Frontend Development.

        Skills:
        HTML, React, Express.js, Frontend Development, CSS, JavaScript, MongoDB, Bootstrap

        Experience:
        Developed and maintained solutions related to task management platform. Collaborated with teams to improve productivity and project delivery.

        Education:
        Bachelor of Technology in Computer Science

        Projects:
        Worked on task management platform and prepared detailed reports and presentations.",Web Development
"Name: Rachel Simmons
        Email: michael52@ortega-miller.com
        Phone: 334.117.8726

        Summary:
        Richard Barker is a motivated professional with 5 years of experience in web development. Worked on e-commerce website using HTML, JavaScript, Express.js, Bootstrap.

        Skills:
        HTML, JavaScript, Express.js, Bootstrap, Git

        Experience:
        Developed and maintained solutions related to e-commerce website. Collaborated with teams to improve productivity and project delivery.

        Education:
        Bachelor of Technology in Computer Science

        Projects:
        Worked on e-commerce website and prepared detailed reports and presentations.",Web Development
"Name: Bradley Garza
        Email: william70@drake.com
        Phone: +1-213-056-3363x977

        Summary:
        William Khan is a motivated professional with 3 years of experience in web development. Worked on restaurant booking system using REST API, Frontend Development, Git, Backend Development.

        Skills:
        REST API, Frontend Development, Git, Backend Development, Node.js, CSS, JavaScript, MongoDB

        Experience:
        Developed and maintained solutions related to restaurant booking system. Collaborated with teams to improve productivity and project delivery.

        Education:
        Bachelor of Commerce

        Projects:
        Worked on restaurant booking system and prepared detailed reports and presentations.",Web Development
"Name: Samuel Moon
        Email: gainestheresa@yahoo.com
        Phone: 001-492-413-3730

        Summary:
        Christine Franklin is a motivated professional with 5 years of experience in finance. Worked on banking analytics dashboard using Investment Analysis, Financial Reporting, Budget Planning, Financial Analysis.

        Skills:
        Investment Analysis, Financial Reporting, Budget Planning, Financial Analysis, Risk Management, Auditing, Accounting, Taxation

        Experience:
        Developed and maintained solutions related to banking analytics dashboard. Collaborated with teams to improve productivity and project delivery.

        Education:
        Master of Computer Applications

        Projects:
        Worked on banking analytics dashboard and prepared detailed reports and presentations.",Finance
"Name: Joan Mays
        Email: stephanielane@blake.com
        Phone: 550-930-2355x905

        Summary:
        Daniel Wagner is a motivated professional with 3 years of experience in finance. Worked on budget forecasting report using Financial Analysis, Auditing, Accounting, Excel.

        Skills:
        Financial Analysis, Auditing, Accounting, Excel, Banking, Risk Management

        Experience:
        Developed and maintained solutions related to budget forecasting report. Collaborated with teams to improve productivity and project delivery.

        Education:
        Bachelor of Technology in Computer Science

        Projects:
        Worked on budget forecasting report and prepared detailed reports and presentations.",Finance
"Name: Daniel Berry
        Email: faithbush@tran-krause.info
        Phone: +1-754-868-6420x49990

        Summary:
        Roberto Savage is a motivated professional with 3 years of experience in finance. Worked on banking analytics dashboard using Banking, Accounting, Auditing, Financial Analysis.

        Skills:
        Banking, Accounting, Auditing, Financial Analysis, Excel, Budget Planning, Investment Analysis

        Experience:
        Developed and maintained solutions related to banking analytics dashboard. Collaborated with teams to improve productivity and project delivery.

        Education:
        Master of Computer Applications

        Projects:
        Worked on banking analytics dashboard and prepared detailed reports and presentations.",Finance
"Name: Tracy Perry
        Email: stephaniebarrett@harris.com
        Phone: +1-833-857-9523x63045

        Summary:
        Melissa Rose is a motivated professional with 3 years of experience in finance. Worked on budget forecasting report using Accounting, Financial Reporting, Risk Management, Excel.

        Skills:
        Accounting, Financial Reporting, Risk Management, Excel, Financial Analysis, Taxation, Banking, Budget Planning

        Experience:
        Developed and maintained solutions related to budget forecasting report. Collaborated with teams to improve productivity and project delivery.

        Education:
        Diploma in Information Technology

        Projects:
        Worked on budget forecasting report and prepared detailed reports and presentations.",Finance
"Name: Denise Mercer
        Email: stonemichelle@gmail.com
        Phone: 1828699795

        Summary:
        Jessica Russo is a motivated professional with 1 years of experience in finance. Worked on banking analytics dashboard using Taxation, Banking, Risk Management, Financial Analysis.

        Skills:
        Taxation, Banking, Risk Management, Financial Analysis, Auditing, Budget Planning

        Experience:
        Developed and maintained solutions related to banking analytics dashboard. Collaborated with teams to improve productivity and project delivery.

        Education:
        Bachelor of Business Administration

        Projects:
        Worked on banking analytics dashboard and prepared detailed reports and presentations.",Finance
"Name: Annette Hancock
        Email: wruiz@mullins.com
        Phone: (582)274-1592x8205

        Summary:
        Alexis Sparks is a motivated professional with 5 years of experience in finance. Worked on banking analytics dashboard using Financial Reporting, Budget Planning, Taxation, Banking.

        Skills:
        Financial Reporting, Budget Planning, Taxation, Banking, Financial Analysis, Investment Analysis, Accounting

        Experience:
        Developed and maintained solutions related to banking analytics dashboard. Collaborated with teams to improve productivity and project delivery.

        Education:
        Diploma in Information Technology

        Projects:
        Worked on banking analytics dashboard and prepared detailed reports and presentations.",Finance
"Name: William Green
        Email: mjohnson@hotmail.com
        Phone: +1-059-956-3540

        Summary:
        Rebecca Anderson is a motivated professional with 1 years of experience in finance. Worked on investment portfolio analysis using Auditing, Financial Reporting, Banking, Budget Planning.

        Skills:
        Auditing, Financial Reporting, Banking, Budget Planning, Accounting, Excel

        Experience:
        Developed and maintained solutions related to investment portfolio analysis. Collaborated with teams to improve productivity and project delivery.

        Education:
        Bachelor of Technology in Computer Science

        Projects:
        Worked on investment portfolio analysis and prepared detailed reports and presentations.",Finance
"Name: Jennifer Shaw
        Email: ndavis@gmail.com
        Phone: 412-738-8827x1841

        Summary:
        Rodney Scott is a motivated professional with 3 years of experience in finance. Worked on financial audit project using Accounting, Risk Management, Excel, Budget Planning.

        Skills:
        Accounting, Risk Management, Excel, Budget Planning, Auditing, Financial Analysis, Banking, Financial Reporting

        Experience:
        Developed and maintained solutions related to financial audit project. Collaborated with teams to improve productivity and project delivery.

        Education:
        Bachelor of Technology in Computer Science

        Projects:
        Worked on financial audit project and prepared detailed reports and presentations.",Finance
"Name: Marc Richards
        Email: thomaspowers@gill-jackson.com
        Phone: 7977976529

        Summary:
        Lynn Rodriguez is a motivated professional with 4 years of experience in finance. Worked on financial audit project using Financial Reporting, Risk Management, Taxation, Investment Analysis.

        Skills:
        Financial Reporting, Risk Management, Taxation, Investment Analysis, Banking, Auditing, Accounting

        Experience:
        Developed and maintained solutions related to financial audit project. Collaborated with teams to improve productivity and project delivery.

        Education:
        Diploma in Information Technology

        Projects:
        Worked on financial audit project and prepared detailed reports and presentations.",Finance
"Name: Lori Hampton
        Email: dawncarey@gmail.com
        Phone: +1-055-570-6249

        Summary:
        Darryl Martinez is a motivated professional with 1 years of experience in finance. Worked on financial audit project using Auditing, Financial Analysis, Excel, Banking.

        Skills:
        Auditing, Financial Analysis, Excel, Banking, Risk Management, Budget Planning, Accounting, Taxation

        Experience:
        Developed and maintained solutions related to financial audit project. Collaborated with teams to improve productivity and project delivery.

        Education:
        Bachelor of Commerce

        Projects:
        Worked on financial audit project and prepared detailed reports and presentations.",Finance
"Name: Bradley Sanchez
        Email: uwilliamson@hotmail.com
        Phone: 281-022-0367x23892

        Summary:
        Melanie Ho is a motivated professional with 2 years of experience in finance. Worked on financial audit project using Financial Reporting, Banking, Taxation, Financial Analysis.

        Skills:
        Financial Reporting, Banking, Taxation, Financial Analysis, Investment Analysis, Excel, Accounting

        Experience:
        Developed and maintained solutions related to financial audit project. Collaborated with teams to improve productivity and project delivery.

        Education:
        Bachelor of Business Administration

        Projects:
        Worked on financial audit project and prepared detailed reports and presentations.",Finance
"Name: Michael Beard
        Email: twoods@morales.com
        Phone: 313.419.6437x19172

        Summary:
        Bradley Cruz is a motivated professional with 5 years of experience in finance. Worked on financial audit project using Auditing, Excel, Investment Analysis, Risk Management.

        Skills:
        Auditing, Excel, Investment Analysis, Risk Management, Budget Planning, Banking

        Experience:
        Developed and maintained solutions related to financial audit project. Collaborated with teams to improve productivity and project delivery.

        Education:
        Master of Computer Applications

        Projects:
        Worked on financial audit project and prepared detailed reports and presentations.",Finance
"Name: Lauren Alvarez
        Email: piercenathan@murray-clark.com
        Phone: 870.998.1635x8027

        Summary:
        Brian Stevens is a motivated professional with 2 years of experience in finance. Worked on banking analytics dashboard using Financial Reporting, Banking, Investment Analysis, Auditing.

        Skills:
        Financial Reporting, Banking, Investment Analysis, Auditing, Accounting, Taxation, Risk Management

        Experience:
        Developed and maintained solutions related to banking analytics dashboard. Collaborated with teams to improve productivity and project delivery.

        Education:
        Diploma in Information Technology

        Projects:
        Worked on banking analytics dashboard and prepared detailed reports and presentations.",Finance
"Name: Victor Harrison
        Email: rpruitt@clark.biz
        Phone: +1-265-725-9587x1669

        Summary:
        Justin White is a motivated professional with 1 years of experience in finance. Worked on banking analytics dashboard using Accounting, Financial Reporting, Budget Planning, Banking.

        Skills:
        Accounting, Financial Reporting, Budget Planning, Banking, Auditing, Investment Analysis, Financial Analysis

        Experience:
        Developed and maintained solutions related to banking analytics dashboard. Collaborated with teams to improve productivity and project delivery.

        Education:
        Bachelor of Business Administration

        Projects:
        Worked on banking analytics dashboard and prepared detailed reports and presentations.",Finance
"Name: Jonathan Johnson
        Email: vmcdowell@yahoo.com
        Phone: 001-103-908-1422x53591

        Summary:
        Wendy Knight is a motivated professional with 5 years of experience in finance. Worked on investment portfolio analysis using Accounting, Budget Planning, Taxation, Risk Management.

        Skills:
        Accounting, Budget Planning, Taxation, Risk Management, Banking, Auditing, Financial Reporting

        Experience:
        Developed and maintained solutions related to investment portfolio analysis. Collaborated with teams to improve productivity and project delivery.

        Education:
        Bachelor of Business Administration

        Projects:
        Worked on investment portfolio analysis and prepared detailed reports and presentations.",Finance
"Name: David Morales
        Email: alexander86@diaz.com
        Phone: 6972394761

        Summary:
        Ariana Williams is a motivated professional with 1 years of experience in finance. Worked on investment portfolio analysis using Accounting, Financial Reporting, Budget Planning, Excel.

        Skills:
        Accounting, Financial Reporting, Budget Planning, Excel, Banking, Taxation

        Experience:
        Developed and maintained solutions related to investment portfolio analysis. Collaborated with teams to improve productivity and project delivery.

        Education:
        Bachelor of Technology in Computer Science

        Projects:
        Worked on investment portfolio analysis and prepared detailed reports and presentations.",Finance
"Name: Michael Bennett
        Email: daniel63@neal.org
        Phone: 001-054-943-4109

        Summary:
        Ann Whitaker is a motivated professional with 5 years of experience in finance. Worked on tax management system using Excel, Banking, Budget Planning, Financial Reporting.

        Skills:
        Excel, Banking, Budget Planning, Financial Reporting, Accounting

        Experience:
        Developed and maintained solutions related to tax management system. Collaborated with teams to improve productivity and project delivery.

        Education:
        Bachelor of Commerce

        Projects:
        Worked on tax management system and prepared detailed reports and presentations.",Finance
"Name: James Walsh
        Email: isaiah54@yahoo.com
        Phone: 001-446-679-8339x9027

        Summary:
        Nathan Wells is a motivated professional with 4 years of experience in finance. Worked on budget forecasting report using Accounting, Taxation, Risk Management, Auditing.

        Skills:
        Accounting, Taxation, Risk Management, Auditing, Financial Reporting, Excel, Financial Analysis, Banking

        Experience:
        Developed and maintained solutions related to budget forecasting report. Collaborated with teams to improve productivity and project delivery.

        Education:
        Master of Computer Applications

        Projects:
        Worked on budget forecasting report and prepared detailed reports and presentations.",Finance
"Name: Lisa Sullivan
        Email: zrivera@walsh-jones.net
        Phone: 842-065-4585x3856

        Summary:
        Stacey Gonzales is a motivated professional with 1 years of experience in finance. Worked on tax management system using Financial Analysis, Budget Planning, Taxation, Risk Management.

        Skills:
        Financial Analysis, Budget Planning, Taxation, Risk Management, Auditing, Banking, Financial Reporting

        Experience:
        Developed and maintained solutions related to tax management system. Collaborated with teams to improve productivity and project delivery.

        Education:
        Bachelor of Business Administration

        Projects:
        Worked on tax management system and prepared detailed reports and presentations.",Finance
"Name: Christina Dudley
        Email: ashleyshaffer@hotmail.com
        Phone: 8210772582

        Summary:
        Debra Mcneil is a motivated professional with 2 years of experience in finance. Worked on investment portfolio analysis using Taxation, Auditing, Budget Planning, Accounting.

        Skills:
        Taxation, Auditing, Budget Planning, Accounting, Excel, Banking, Financial Analysis, Financial Reporting

        Experience:
        Developed and maintained solutions related to investment portfolio analysis. Collaborated with teams to improve productivity and project delivery.

        Education:
        Diploma in Information Technology

        Projects:
        Worked on investment portfolio analysis and prepared detailed reports and presentations.",Finance
"Name: Monica Bender
        Email: lindsey79@fox.biz
        Phone: 6233494651

        Summary:
        Leslie Duncan is a motivated professional with 2 years of experience in finance. Worked on budget forecasting report using Risk Management, Auditing, Excel, Taxation.

        Skills:
        Risk Management, Auditing, Excel, Taxation, Investment Analysis, Financial Analysis, Accounting, Budget Planning

        Experience:
        Developed and maintained solutions related to budget forecasting report. Collaborated with teams to improve productivity and project delivery.

        Education:
        Diploma in Information Technology

        Projects:
        Worked on budget forecasting report and prepared detailed reports and presentations.",Finance
"Name: Ashley Moss
        Email: herbert80@davis-fischer.info
        Phone: 9089587648

        Summary:
        Jessica Wheeler is a motivated professional with 0 years of experience in finance. Worked on financial audit project using Taxation, Excel, Financial Reporting, Investment Analysis.

        Skills:
        Taxation, Excel, Financial Reporting, Investment Analysis, Banking, Auditing

        Experience:
        Developed and maintained solutions related to financial audit project. Collaborated with teams to improve productivity and project delivery.

        Education:
        Bachelor of Commerce

        Projects:
        Worked on financial audit project and prepared detailed reports and presentations.",Finance
"Name: Gregory Williams
        Email: robert69@foster-hart.com
        Phone: 113-577-4825

        Summary:
        Arthur Campbell is a motivated professional with 0 years of experience in finance. Worked on financial audit project using Taxation, Risk Management, Banking, Financial Reporting.

        Skills:
        Taxation, Risk Management, Banking, Financial Reporting, Excel, Budget Planning

        Experience:
        Developed and maintained solutions related to financial audit project. Collaborated with teams to improve productivity and project delivery.

        Education:
        Bachelor of Technology in Computer Science

        Projects:
        Worked on financial audit project and prepared detailed reports and presentations.",Finance
"Name: Mary Stephens
        Email: matashawn@edwards.net
        Phone: 431.055.0213x741

        Summary:
        Tim Kelley is a motivated professional with 1 years of experience in finance. Worked on tax management system using Budget Planning, Financial Analysis, Taxation, Auditing.

        Skills:
        Budget Planning, Financial Analysis, Taxation, Auditing, Excel, Accounting, Financial Reporting

        Experience:
        Developed and maintained solutions related to tax management system. Collaborated with teams to improve productivity and project delivery.

        Education:
        Bachelor of Technology in Computer Science

        Projects:
        Worked on tax management system and prepared detailed reports and presentations.",Finance
"Name: Gary Henry
        Email: wanda48@watson.com
        Phone: +1-176-457-8274x5270

        Summary:
        Nicole Alvarez is a motivated professional with 0 years of experience in finance. Worked on banking analytics dashboard using Investment Analysis, Financial Reporting, Excel, Budget Planning.

        Skills:
        Investment Analysis, Financial Reporting, Excel, Budget Planning, Financial Analysis, Risk Management, Auditing, Banking

        Experience:
        Developed and maintained solutions related to banking analytics dashboard. Collaborated with teams to improve productivity and project delivery.

        Education:
        Bachelor of Technology in Computer Science

        Projects:
        Worked on banking analytics dashboard and prepared detailed reports and presentations.",Finance
"Name: Tracy Garza
        Email: joshua07@lee.com
        Phone: 768-232-7218

        Summary:
        Susan Silva is a motivated professional with 3 years of experience in finance. Worked on banking analytics dashboard using Accounting, Risk Management, Financial Reporting, Investment Analysis.

        Skills:
        Accounting, Risk Management, Financial Reporting, Investment Analysis, Taxation, Financial Analysis, Budget Planning, Auditing

        Experience:
        Developed and maintained solutions related to banking analytics dashboard. Collaborated with teams to improve productivity and project delivery.

        Education:
        Bachelor of Technology in Computer Science

        Projects:
        Worked on banking analytics dashboard and prepared detailed reports and presentations.",Finance
"Name: Andrea Sutton
        Email: khayes@villanueva.com
        Phone: 052.911.4979x9650

        Summary:
        Crystal Douglas is a motivated professional with 3 years of experience in finance. Worked on investment portfolio analysis using Excel, Investment Analysis, Risk Management, Financial Reporting.

        Skills:
        Excel, Investment Analysis, Risk Management, Financial Reporting, Budget Planning

        Experience:
        Developed and maintained solutions related to investment portfolio analysis. Collaborated with teams to improve productivity and project delivery.

        Education:
        Bachelor of Technology in Computer Science

        Projects:
        Worked on investment portfolio analysis and prepared detailed reports and presentations.",Finance
"Name: Danielle Bradley
        Email: korr@yahoo.com
        Phone: +1-543-592-7452x04890

        Summary:
        Juan Hurst is a motivated professional with 2 years of experience in finance. Worked on investment portfolio analysis using Investment Analysis, Auditing, Accounting, Financial Reporting.

        Skills:
        Investment Analysis, Auditing, Accounting, Financial Reporting, Excel, Budget Planning, Taxation

        Experience:
        Developed and maintained solutions related to investment portfolio analysis. Collaborated with teams to improve productivity and project delivery.

        Education:
        Bachelor of Commerce

        Projects:
        Worked on investment portfolio analysis and prepared detailed reports and presentations.",Finance
"Name: Jessica Miller
        Email: valerie23@hotmail.com
        Phone: 001-025-352-3451

        Summary:
        Ryan Ballard is a motivated professional with 2 years of experience in finance. Worked on budget forecasting report using Accounting, Risk Management, Financial Reporting, Auditing.

        Skills:
        Accounting, Risk Management, Financial Reporting, Auditing, Taxation

        Experience:
        Developed and maintained solutions related to budget forecasting report. Collaborated with teams to improve productivity and project delivery.

        Education:
        Bachelor of Technology in Computer Science

        Projects:
        Worked on budget forecasting report and prepared detailed reports and presentations.",Finance
"Name: Kylie Barton
        Email: shirleyyoung@hotmail.com
        Phone: 780-871-2249x6795

        Summary:
        Kenneth Carter is a motivated professional with 0 years of experience in finance. Worked on tax management system using Financial Reporting, Financial Analysis, Auditing, Accounting.

        Skills:
        Financial Reporting, Financial Analysis, Auditing, Accounting, Excel, Budget Planning, Investment Analysis

        Experience:
        Developed and maintained solutions related to tax management system. Collaborated with teams to improve productivity and project delivery.

        Education:
        Bachelor of Commerce

        Projects:
        Worked on tax management system and prepared detailed reports and presentations.",Finance
"Name: Justin Rivera
        Email: ndavis@hotmail.com
        Phone: 1244021932

        Summary:
        Rachel Perez is a motivated professional with 4 years of experience in finance. Worked on banking analytics dashboard using Accounting, Budget Planning, Excel, Auditing.

        Skills:
        Accounting, Budget Planning, Excel, Auditing, Financial Analysis, Risk Management, Financial Reporting

        Experience:
        Developed and maintained solutions related to banking analytics dashboard. Collaborated with teams to improve productivity and project delivery.

        Education:
        Bachelor of Commerce

        Projects:
        Worked on banking analytics dashboard and prepared detailed reports and presentations.",Finance
"Name: Andrea Miller
        Email: natalie73@hotmail.com
        Phone: 646-834-2713

        Summary:
        Brian Evans is a motivated professional with 1 years of experience in finance. Worked on budget forecasting report using Accounting, Taxation, Budget Planning, Auditing.

        Skills:
        Accounting, Taxation, Budget Planning, Auditing, Financial Reporting

        Experience:
        Developed and maintained solutions related to budget forecasting report. Collaborated with teams to improve productivity and project delivery.

        Education:
        Bachelor of Business Administration

        Projects:
        Worked on budget forecasting report and prepared detailed reports and presentations.",Finance
"Name: Noah Jensen
        Email: nbuckley@macias.com
        Phone: 964.934.7171

        Summary:
        Denise Ho is a motivated professional with 4 years of experience in finance. Worked on investment portfolio analysis using Risk Management, Investment Analysis, Accounting, Financial Analysis.

        Skills:
        Risk Management, Investment Analysis, Accounting, Financial Analysis, Budget Planning, Excel

        Experience:
        Developed and maintained solutions related to investment portfolio analysis. Collaborated with teams to improve productivity and project delivery.

        Education:
        Bachelor of Technology in Computer Science

        Projects:
        Worked on investment portfolio analysis and prepared detailed reports and presentations.",Finance
"Name: Connie Perez
        Email: xking@gmail.com
        Phone: (780)289-6958x4549

        Summary:
        Dennis Wong is a motivated professional with 1 years of experience in finance. Worked on investment portfolio analysis using Financial Reporting, Taxation, Excel, Auditing.

        Skills:
        Financial Reporting, Taxation, Excel, Auditing, Financial Analysis

        Experience:
        Developed and maintained solutions related to investment portfolio analysis. Collaborated with teams to improve productivity and project delivery.

        Education:
        Bachelor of Commerce

        Projects:
        Worked on investment portfolio analysis and prepared detailed reports and presentations.",Finance
"Name: Todd Long
        Email: colinball@walls.org
        Phone: 444-146-5145x976

        Summary:
        Matthew Gray is a motivated professional with 4 years of experience in finance. Worked on tax management system using Auditing, Accounting, Investment Analysis, Excel.

        Skills:
        Auditing, Accounting, Investment Analysis, Excel, Budget Planning, Taxation

        Experience:
        Developed and maintained solutions related to tax management system. Collaborated with teams to improve productivity and project delivery.

        Education:
        Bachelor of Technology in Computer Science

        Projects:
        Worked on tax management system and prepared detailed reports and presentations.",Finance
"Name: Brooke White
        Email: samantha31@yahoo.com
        Phone: 855.732.9024x4439

        Summary:
        Tyler Pugh is a motivated professional with 2 years of experience in finance. Worked on budget forecasting report using Taxation, Auditing, Excel, Risk Management.

        Skills:
        Taxation, Auditing, Excel, Risk Management, Accounting, Banking, Financial Analysis, Budget Planning

        Experience:
        Developed and maintained solutions related to budget forecasting report. Collaborated with teams to improve productivity and project delivery.

        Education:
        Bachelor of Technology in Computer Science

        Projects:
        Worked on budget forecasting report and prepared detailed reports and presentations.",Finance
"Name: Tyler Harris
        Email: shane95@medina-wells.com
        Phone: 711-965-9842

        Summary:
        Traci Martin is a motivated professional with 0 years of experience in finance. Worked on financial audit project using Accounting, Budget Planning, Auditing, Risk Management.

        Skills:
        Accounting, Budget Planning, Auditing, Risk Management, Taxation, Investment Analysis, Financial Analysis

        Experience:
        Developed and maintained solutions related to financial audit project. Collaborated with teams to improve productivity and project delivery.

        Education:
        Bachelor of Commerce

        Projects:
        Worked on financial audit project and prepared detailed reports and presentations.",Finance
"Name: Catherine Mitchell
        Email: hayslindsey@yahoo.com
        Phone: +1-335-554-2090x9474

        Summary:
        Mr. Patrick Reynolds MD is a motivated professional with 2 years of experience in finance. Worked on tax management system using Banking, Excel, Risk Management, Financial Analysis.

        Skills:
        Banking, Excel, Risk Management, Financial Analysis, Financial Reporting, Investment Analysis

        Experience:
        Developed and maintained solutions related to tax management system. Collaborated with teams to improve productivity and project delivery.

        Education:
        Bachelor of Business Administration

        Projects:
        Worked on tax management system and prepared detailed reports and presentations.",Finance
"Name: Holly Young
        Email: evan01@friedman.com
        Phone: (648)251-5861x41450

        Summary:
        James Hardin is a motivated professional with 4 years of experience in finance. Worked on investment portfolio analysis using Taxation, Accounting, Investment Analysis, Excel.

        Skills:
        Taxation, Accounting, Investment Analysis, Excel, Financial Reporting, Risk Management

        Experience:
        Developed and maintained solutions related to investment portfolio analysis. Collaborated with teams to improve productivity and project delivery.

        Education:
        Bachelor of Technology in Computer Science

        Projects:
        Worked on investment portfolio analysis and prepared detailed reports and presentations.",Finance
"Name: Patricia Brown
        Email: williamscynthia@hotmail.com
        Phone: (852)628-0099

        Summary:
        Rachel Davis is a motivated professional with 0 years of experience in finance. Worked on investment portfolio analysis using Taxation, Banking, Risk Management, Financial Reporting.

        Skills:
        Taxation, Banking, Risk Management, Financial Reporting, Investment Analysis, Excel

        Experience:
        Developed and maintained solutions related to investment portfolio analysis. Collaborated with teams to improve productivity and project delivery.

        Education:
        Bachelor of Technology in Computer Science

        Projects:
        Worked on investment portfolio analysis and prepared detailed reports and presentations.",Finance
"Name: Jennifer Walker
        Email: kmorrison@hotmail.com
        Phone: +1-265-260-6229

        Summary:
        Jessica Johnson is a motivated professional with 3 years of experience in finance. Worked on investment portfolio analysis using Auditing, Taxation, Risk Management, Investment Analysis.

        Skills:
        Auditing, Taxation, Risk Management, Investment Analysis, Banking, Financial Reporting, Accounting, Budget Planning

        Experience:
        Developed and maintained solutions related to investment portfolio analysis. Collaborated with teams to improve productivity and project delivery.

        Education:
        Master of Computer Applications

        Projects:
        Worked on investment portfolio analysis and prepared detailed reports and presentations.",Finance
"Name: John Martin
        Email: sarah33@price.com
        Phone: +1-425-773-8164x2278

        Summary:
        Kathy Huerta is a motivated professional with 1 years of experience in finance. Worked on tax management system using Risk Management, Excel, Financial Analysis, Accounting.

        Skills:
        Risk Management, Excel, Financial Analysis, Accounting, Budget Planning, Auditing, Taxation, Banking

        Experience:
        Developed and maintained solutions related to tax management system. Collaborated with teams to improve productivity and project delivery.

        Education:
        Master of Computer Applications

        Projects:
        Worked on tax management system and prepared detailed reports and presentations.",Finance
"Name: Lauren Wilson
        Email: whiteelizabeth@yahoo.com
        Phone: 029-241-3876x700

        Summary:
        Whitney Bailey is a motivated professional with 1 years of experience in finance. Worked on budget forecasting report using Accounting, Risk Management, Financial Reporting, Excel.

        Skills:
        Accounting, Risk Management, Financial Reporting, Excel, Taxation, Auditing, Financial Analysis

        Experience:
        Developed and maintained solutions related to budget forecasting report. Collaborated with teams to improve productivity and project delivery.

        Education:
        Master of Computer Applications

        Projects:
        Worked on budget forecasting report and prepared detailed reports and presentations.",Finance
"Name: Shannon Perez
        Email: xramos@yahoo.com
        Phone: 001-151-701-7275x33409

        Summary:
        James Anderson is a motivated professional with 1 years of experience in finance. Worked on tax management system using Budget Planning, Taxation, Financial Analysis, Investment Analysis.

        Skills:
        Budget Planning, Taxation, Financial Analysis, Investment Analysis, Risk Management, Financial Reporting

        Experience:
        Developed and maintained solutions related to tax management system. Collaborated with teams to improve productivity and project delivery.

        Education:
        Bachelor of Commerce

        Projects:
        Worked on tax management system and prepared detailed reports and presentations.",Finance
"Name: Kristie Owens
        Email: julie87@chavez.com
        Phone: 0190146733

        Summary:
        James Nichols is a motivated professional with 5 years of experience in finance. Worked on investment portfolio analysis using Investment Analysis, Auditing, Excel, Financial Reporting.

        Skills:
        Investment Analysis, Auditing, Excel, Financial Reporting, Budget Planning, Financial Analysis, Accounting, Risk Management

        Experience:
        Developed and maintained solutions related to investment portfolio analysis. Collaborated with teams to improve productivity and project delivery.

        Education:
        Bachelor of Technology in Computer Science

        Projects:
        Worked on investment portfolio analysis and prepared detailed reports and presentations.",Finance
"Name: Melissa Barr
        Email: tgray@hotmail.com
        Phone: 785-112-0916x5017

        Summary:
        Jeffrey Orr is a motivated professional with 0 years of experience in finance. Worked on investment portfolio analysis using Financial Reporting, Auditing, Financial Analysis, Budget Planning.

        Skills:
        Financial Reporting, Auditing, Financial Analysis, Budget Planning, Accounting, Investment Analysis, Taxation, Risk Management

        Experience:
        Developed and maintained solutions related to investment portfolio analysis. Collaborated with teams to improve productivity and project delivery.

        Education:
        Diploma in Information Technology

        Projects:
        Worked on investment portfolio analysis and prepared detailed reports and presentations.",Finance
"Name: Julie Vaughn
        Email: davidyork@gmail.com
        Phone: 001-894-135-0104x858

        Summary:
        Nicholas Ward is a motivated professional with 4 years of experience in finance. Worked on investment portfolio analysis using Taxation, Excel, Financial Reporting, Budget Planning.

        Skills:
        Taxation, Excel, Financial Reporting, Budget Planning, Auditing, Investment Analysis

        Experience:
        Developed and maintained solutions related to investment portfolio analysis. Collaborated with teams to improve productivity and project delivery.

        Education:
        Diploma in Information Technology

        Projects:
        Worked on investment portfolio analysis and prepared detailed reports and presentations.",Finance
"Name: Teresa Lopez
        Email: millerstanley@gmail.com
        Phone: 001-269-325-6128x2243

        Summary:
        Charles Salinas is a motivated professional with 1 years of experience in finance. Worked on banking analytics dashboard using Accounting, Excel, Risk Management, Financial Analysis.

        Skills:
        Accounting, Excel, Risk Management, Financial Analysis, Banking, Investment Analysis, Taxation

        Experience:
        Developed and maintained solutions related to banking analytics dashboard. Collaborated with teams to improve productivity and project delivery.

        Education:
        Master of Computer Applications

        Projects:
        Worked on banking analytics dashboard and prepared detailed reports and presentations.",Finance
"Name: Natasha Acevedo
        Email: omiller@gmail.com
        Phone: 001-329-624-4974x09520

        Summary:
        April Powell is a motivated professional with 2 years of experience in finance. Worked on budget forecasting report using Banking, Financial Analysis, Taxation, Investment Analysis.

        Skills:
        Banking, Financial Analysis, Taxation, Investment Analysis, Financial Reporting, Risk Management

        Experience:
        Developed and maintained solutions related to budget forecasting report. Collaborated with teams to improve productivity and project delivery.

        Education:
        Master of Computer Applications

        Projects:
        Worked on budget forecasting report and prepared detailed reports and presentations.",Finance
"Name: Rebecca Taylor
        Email: benjamin57@hotmail.com
        Phone: (939)508-5916x047

        Summary:
        Julie Hansen is a motivated professional with 5 years of experience in finance. Worked on investment portfolio analysis using Risk Management, Investment Analysis, Budget Planning, Financial Reporting.

        Skills:
        Risk Management, Investment Analysis, Budget Planning, Financial Reporting, Accounting

        Experience:
        Developed and maintained solutions related to investment portfolio analysis. Collaborated with teams to improve productivity and project delivery.

        Education:
        Bachelor of Business Administration

        Projects:
        Worked on investment portfolio analysis and prepared detailed reports and presentations.",Finance
"Name: Curtis Mcintosh
        Email: courtney17@rodriguez.com
        Phone: 001-803-364-7508x58372

        Summary:
        Juan Jones is a motivated professional with 0 years of experience in hr. Worked on HR analytics dashboard using Hiring, Employee Relations, Payroll, Communication.

        Skills:
        Hiring, Employee Relations, Payroll, Communication, HR Policies

        Experience:
        Developed and maintained solutions related to HR analytics dashboard. Collaborated with teams to improve productivity and project delivery.

        Education:
        Bachelor of Business Administration

        Projects:
        Worked on HR analytics dashboard and prepared detailed reports and presentations.",HR
"Name: Brian Hogan
        Email: ukline@gmail.com
        Phone: 001-502-248-9222x073

        Summary:
        Christina Lang is a motivated professional with 5 years of experience in hr. Worked on HR analytics dashboard using Onboarding, HR Policies, Employee Relations, Recruitment.

        Skills:
        Onboarding, HR Policies, Employee Relations, Recruitment, Conflict Resolution, Communication, Training

        Experience:
        Developed and maintained solutions related to HR analytics dashboard. Collaborated with teams to improve productivity and project delivery.

        Education:
        Diploma in Information Technology

        Projects:
        Worked on HR analytics dashboard and prepared detailed reports and presentations.",HR
"Name: Mary Ramirez
        Email: rgilbert@gmail.com
        Phone: +1-434-414-2462x6082

        Summary:
        Jerry Wu is a motivated professional with 3 years of experience in hr. Worked on employee engagement program using Recruitment, Employee Relations, Hiring, Onboarding.

        Skills:
        Recruitment, Employee Relations, Hiring, Onboarding, Conflict Resolution, Communication

        Experience:
        Developed and maintained solutions related to employee engagement program. Collaborated with teams to improve productivity and project delivery.

        Education:
        Bachelor of Commerce

        Projects:
        Worked on employee engagement program and prepared detailed reports and presentations.",HR
"Name: Kevin Barry
        Email: vjames@gmail.com
        Phone: 300.513.1576

        Summary:
        Tiffany Vazquez is a motivated professional with 3 years of experience in hr. Worked on training and development initiative using Payroll, Hiring, Recruitment, HR Policies.

        Skills:
        Payroll, Hiring, Recruitment, HR Policies, Communication, Employee Relations, Conflict Resolution

        Experience:
        Developed and maintained solutions related to training and development initiative. Collaborated with teams to improve productivity and project delivery.

        Education:
        Bachelor of Commerce

        Projects:
        Worked on training and development initiative and prepared detailed reports and presentations.",HR
"Name: James Mullins
        Email: millerlaura@hotmail.com
        Phone: 001-900-852-5052x925

        Summary:
        Danielle Owens is a motivated professional with 0 years of experience in hr. Worked on employee engagement program using HR Policies, Communication, Onboarding, Hiring.

        Skills:
        HR Policies, Communication, Onboarding, Hiring, Payroll, Recruitment, Employee Relations, Training

        Experience:
        Developed and maintained solutions related to employee engagement program. Collaborated with teams to improve productivity and project delivery.

        Education:
        Bachelor of Technology in Computer Science

        Projects:
        Worked on employee engagement program and prepared detailed reports and presentations.",HR
"Name: Clifford Juarez
        Email: lisa04@hotmail.com
        Phone: (158)049-9269

        Summary:
        Danielle Ho is a motivated professional with 0 years of experience in hr. Worked on recruitment automation system using Communication, HR Policies, Conflict Resolution, Onboarding.

        Skills:
        Communication, HR Policies, Conflict Resolution, Onboarding, Recruitment

        Experience:
        Developed and maintained solutions related to recruitment automation system. Collaborated with teams to improve productivity and project delivery.

        Education:
        Bachelor of Commerce

        Projects:
        Worked on recruitment automation system and prepared detailed reports and presentations.",HR
"Name: Pamela Hunter
        Email: ann17@chung-bell.com
        Phone: (159)001-6452x807

        Summary:
        Michelle Phillips is a motivated professional with 4 years of experience in hr. Worked on attendance management system using Recruitment, Training, Hiring, Performance Management.

        Skills:
        Recruitment, Training, Hiring, Performance Management, Employee Relations, Conflict Resolution

        Experience:
        Developed and maintained solutions related to attendance management system. Collaborated with teams to improve productivity and project delivery.

        Education:
        Master of Computer Applications

        Projects:
        Worked on attendance management system and prepared detailed reports and presentations.",HR
"Name: Melinda White
        Email: marissatucker@martinez.org
        Phone: +1-547-750-3781x392

        Summary:
        Stephanie Chavez is a motivated professional with 5 years of experience in hr. Worked on training and development initiative using Communication, Recruitment, Employee Relations, Onboarding.

        Skills:
        Communication, Recruitment, Employee Relations, Onboarding, Training, HR Policies

        Experience:
        Developed and maintained solutions related to training and development initiative. Collaborated with teams to improve productivity and project delivery.

        Education:
        Bachelor of Technology in Computer Science

        Projects:
        Worked on training and development initiative and prepared detailed reports and presentations.",HR
"Name: Emily Green
        Email: hudsonkimberly@stone-rodriguez.net
        Phone: 054.034.1809x04765

        Summary:
        Nicholas Griffin is a motivated professional with 5 years of experience in hr. Worked on HR analytics dashboard using Payroll, HR Policies, Hiring, Conflict Resolution.

        Skills:
        Payroll, HR Policies, Hiring, Conflict Resolution, Communication, Training, Performance Management

        Experience:
        Developed and maintained solutions related to HR analytics dashboard. Collaborated with teams to improve productivity and project delivery.

        Education:
        Bachelor of Commerce

        Projects:
        Worked on HR analytics dashboard and prepared detailed reports and presentations.",HR
"Name: Michele Lewis
        Email: quinnangela@hamilton.org
        Phone: 507.987.7051

        Summary:
        Joshua Ingram is a motivated professional with 5 years of experience in hr. Worked on employee engagement program using Communication, Conflict Resolution, Performance Management, Payroll.

        Skills:
        Communication, Conflict Resolution, Performance Management, Payroll, Onboarding, Employee Relations

        Experience:
        Developed and maintained solutions related to employee engagement program. Collaborated with teams to improve productivity and project delivery.

        Education:
        Bachelor of Technology in Computer Science

        Projects:
        Worked on employee engagement program and prepared detailed reports and presentations.",HR
"Name: Eric Shannon
        Email: sarah28@hotmail.com
        Phone: 901.843.9221

        Summary:
        Curtis Medina is a motivated professional with 1 years of experience in hr. Worked on recruitment automation system using Conflict Resolution, Employee Relations, Hiring, Training.

        Skills:
        Conflict Resolution, Employee Relations, Hiring, Training, Payroll, Communication, Recruitment

        Experience:
        Developed and maintained solutions related to recruitment automation system. Collaborated with teams to improve productivity and project delivery.

        Education:
        Bachelor of Business Administration

        Projects:
        Worked on recruitment automation system and prepared detailed reports and presentations.",HR
"Name: Tonya Rose
        Email: craigmathis@curry.com
        Phone: 833.639.6388

        Summary:
        Mrs. Dawn Camacho MD is a motivated professional with 0 years of experience in hr. Worked on attendance management system using Payroll, Performance Management, Hiring, Recruitment.

        Skills:
        Payroll, Performance Management, Hiring, Recruitment, Training, Communication, Onboarding

        Experience:
        Developed and maintained solutions related to attendance management system. Collaborated with teams to improve productivity and project delivery.

        Education:
        Diploma in Information Technology

        Projects:
        Worked on attendance management system and prepared detailed reports and presentations.",HR
"Name: Morgan Davila
        Email: baldwinlisa@gmail.com
        Phone: +1-682-833-4166x082

        Summary:
        Brenda Cobb is a motivated professional with 1 years of experience in hr. Worked on recruitment automation system using Performance Management, Recruitment, Hiring, Communication.

        Skills:
        Performance Management, Recruitment, Hiring, Communication, HR Policies, Conflict Resolution

        Experience:
        Developed and maintained solutions related to recruitment automation system. Collaborated with teams to improve productivity and project delivery.

        Education:
        Diploma in Information Technology

        Projects:
        Worked on recruitment automation system and prepared detailed reports and presentations.",HR
"Name: Megan Bartlett
        Email: glee@benson-pacheco.com
        Phone: 336-836-1036x3683

        Summary:
        Nicholas White is a motivated professional with 5 years of experience in hr. Worked on recruitment automation system using Communication, Payroll, Recruitment, Conflict Resolution.

        Skills:
        Communication, Payroll, Recruitment, Conflict Resolution, HR Policies, Onboarding

        Experience:
        Developed and maintained solutions related to recruitment automation system. Collaborated with teams to improve productivity and project delivery.

        Education:
        Diploma in Information Technology

        Projects:
        Worked on recruitment automation system and prepared detailed reports and presentations.",HR
"Name: Christina Hall
        Email: xreeves@hotmail.com
        Phone: 154.839.3730

        Summary:
        Joshua Wheeler is a motivated professional with 5 years of experience in hr. Worked on HR analytics dashboard using Performance Management, Communication, Employee Relations, Payroll.

        Skills:
        Performance Management, Communication, Employee Relations, Payroll, Conflict Resolution, Training, Hiring

        Experience:
        Developed and maintained solutions related to HR analytics dashboard. Collaborated with teams to improve productivity and project delivery.

        Education:
        Bachelor of Commerce

        Projects:
        Worked on HR analytics dashboard and prepared detailed reports and presentations.",HR
"Name: Lisa Hunter
        Email: amberbrooks@hotmail.com
        Phone: 880-589-4807x965

        Summary:
        Jermaine Martinez is a motivated professional with 5 years of experience in hr. Worked on HR analytics dashboard using Conflict Resolution, Onboarding, Recruitment, Communication.

        Skills:
        Conflict Resolution, Onboarding, Recruitment, Communication, HR Policies, Performance Management

        Experience:
        Developed and maintained solutions related to HR analytics dashboard. Collaborated with teams to improve productivity and project delivery.

        Education:
        Master of Computer Applications

        Projects:
        Worked on HR analytics dashboard and prepared detailed reports and presentations.",HR
"Name: Amanda Obrien
        Email: josephhart@silva.com
        Phone: 9895877023

        Summary:
        Sarah Lewis is a motivated professional with 2 years of experience in hr. Worked on HR analytics dashboard using Employee Relations, Training, Payroll, Conflict Resolution.

        Skills:
        Employee Relations, Training, Payroll, Conflict Resolution, Recruitment, Performance Management

        Experience:
        Developed and maintained solutions related to HR analytics dashboard. Collaborated with teams to improve productivity and project delivery.

        Education:
        Master of Computer Applications

        Projects:
        Worked on HR analytics dashboard and prepared detailed reports and presentations.",HR
"Name: Deanna Palmer
        Email: amy85@gmail.com
        Phone: +1-228-510-3549x0210

        Summary:
        Catherine Snyder is a motivated professional with 1 years of experience in hr. Worked on training and development initiative using Payroll, Recruitment, Conflict Resolution, HR Policies.

        Skills:
        Payroll, Recruitment, Conflict Resolution, HR Policies, Performance Management

        Experience:
        Developed and maintained solutions related to training and development initiative. Collaborated with teams to improve productivity and project delivery.

        Education:
        Bachelor of Technology in Computer Science

        Projects:
        Worked on training and development initiative and prepared detailed reports and presentations.",HR
"Name: Heather Davis
        Email: georgekaiser@roman.info
        Phone: 0841161309

        Summary:
        Jocelyn Bates is a motivated professional with 5 years of experience in hr. Worked on training and development initiative using HR Policies, Hiring, Performance Management, Training.

        Skills:
        HR Policies, Hiring, Performance Management, Training, Communication

        Experience:
        Developed and maintained solutions related to training and development initiative. Collaborated with teams to improve productivity and project delivery.

        Education:
        Bachelor of Business Administration

        Projects:
        Worked on training and development initiative and prepared detailed reports and presentations.",HR
"Name: Ashley Montgomery
        Email: morriskimberly@gmail.com
        Phone: 559-673-6106x84433

        Summary:
        Jonathan Sawyer is a motivated professional with 2 years of experience in hr. Worked on training and development initiative using Onboarding, Performance Management, Communication, HR Policies.

        Skills:
        Onboarding, Performance Management, Communication, HR Policies, Training, Payroll, Hiring

        Experience:
        Developed and maintained solutions related to training and development initiative. Collaborated with teams to improve productivity and project delivery.

        Education:
        Master of Computer Applications

        Projects:
        Worked on training and development initiative and prepared detailed reports and presentations.",HR
"Name: Thomas Mckenzie
        Email: millsjames@hotmail.com
        Phone: 088-986-2007

        Summary:
        Roberto Mckinney is a motivated professional with 0 years of experience in hr. Worked on employee engagement program using Training, Communication, Onboarding, Hiring.

        Skills:
        Training, Communication, Onboarding, Hiring, Employee Relations

        Experience:
        Developed and maintained solutions related to employee engagement program. Collaborated with teams to improve productivity and project delivery.

        Education:
        Diploma in Information Technology

        Projects:
        Worked on employee engagement program and prepared detailed reports and presentations.",HR
"Name: Calvin Johnson
        Email: russellhall@hotmail.com
        Phone: +1-376-077-0053x50160

        Summary:
        Kathy Murray is a motivated professional with 5 years of experience in hr. Worked on attendance management system using Conflict Resolution, Recruitment, Training, Onboarding.

        Skills:
        Conflict Resolution, Recruitment, Training, Onboarding, HR Policies, Performance Management, Payroll

        Experience:
        Developed and maintained solutions related to attendance management system. Collaborated with teams to improve productivity and project delivery.

        Education:
        Bachelor of Technology in Computer Science

        Projects:
        Worked on attendance management system and prepared detailed reports and presentations.",HR
"Name: Jennifer Howard
        Email: alisha00@yahoo.com
        Phone: 001-087-503-7674x6150

        Summary:
        Mr. Darryl Gordon PhD is a motivated professional with 5 years of experience in hr. Worked on HR analytics dashboard using Hiring, HR Policies, Conflict Resolution, Training.

        Skills:
        Hiring, HR Policies, Conflict Resolution, Training, Performance Management, Employee Relations, Payroll, Recruitment

        Experience:
        Developed and maintained solutions related to HR analytics dashboard. Collaborated with teams to improve productivity and project delivery.

        Education:
        Bachelor of Business Administration

        Projects:
        Worked on HR analytics dashboard and prepared detailed reports and presentations.",HR
"Name: Susan Taylor
        Email: gardnerlindsay@gmail.com
        Phone: 309-274-1961x82238

        Summary:
        Heidi Smith is a motivated professional with 2 years of experience in hr. Worked on training and development initiative using Employee Relations, Training, Conflict Resolution, Payroll.

        Skills:
        Employee Relations, Training, Conflict Resolution, Payroll, HR Policies, Communication, Onboarding

        Experience:
        Developed and maintained solutions related to training and development initiative. Collaborated with teams to improve productivity and project delivery.

        Education:
        Bachelor of Business Administration

        Projects:
        Worked on training and development initiative and prepared detailed reports and presentations.",HR
"Name: Teresa Byrd
        Email: alexlee@gmail.com
        Phone: 001-846-173-2969

        Summary:
        April Lamb is a motivated professional with 1 years of experience in hr. Worked on HR analytics dashboard using Communication, Payroll, Employee Relations, Hiring.

        Skills:
        Communication, Payroll, Employee Relations, Hiring, HR Policies, Performance Management

        Experience:
        Developed and maintained solutions related to HR analytics dashboard. Collaborated with teams to improve productivity and project delivery.

        Education:
        Bachelor of Technology in Computer Science

        Projects:
        Worked on HR analytics dashboard and prepared detailed reports and presentations.",HR
"Name: Dennis Schroeder
        Email: wilsonleslie@gmail.com
        Phone: 012.234.1845

        Summary:
        John Thomas is a motivated professional with 2 years of experience in hr. Worked on HR analytics dashboard using Performance Management, HR Policies, Onboarding, Training.

        Skills:
        Performance Management, HR Policies, Onboarding, Training, Conflict Resolution, Payroll

        Experience:
        Developed and maintained solutions related to HR analytics dashboard. Collaborated with teams to improve productivity and project delivery.

        Education:
        Diploma in Information Technology

        Projects:
        Worked on HR analytics dashboard and prepared detailed reports and presentations.",HR
"Name: Amy Aguilar
        Email: wcook@clay.com
        Phone: 297-837-6187

        Summary:
        Kyle Alexander is a motivated professional with 1 years of experience in hr. Worked on HR analytics dashboard using Performance Management, Employee Relations, Payroll, Recruitment.

        Skills:
        Performance Management, Employee Relations, Payroll, Recruitment, Onboarding

        Experience:
        Developed and maintained solutions related to HR analytics dashboard. Collaborated with teams to improve productivity and project delivery.

        Education:
        Bachelor of Commerce

        Projects:
        Worked on HR analytics dashboard and prepared detailed reports and presentations.",HR
"Name: Paul Robinson
        Email: jross@hicks.com
        Phone: (798)465-6286x207

        Summary:
        Dustin Landry is a motivated professional with 0 years of experience in hr. Worked on training and development initiative using Employee Relations, Hiring, HR Policies, Recruitment.

        Skills:
        Employee Relations, Hiring, HR Policies, Recruitment, Payroll, Onboarding

        Experience:
        Developed and maintained solutions related to training and development initiative. Collaborated with teams to improve productivity and project delivery.

        Education:
        Diploma in Information Technology

        Projects:
        Worked on training and development initiative and prepared detailed reports and presentations.",HR
"Name: Kirk Griffith
        Email: imichael@little.biz
        Phone: +1-461-892-2955

        Summary:
        Nicholas Sharp is a motivated professional with 5 years of experience in hr. Worked on HR analytics dashboard using Communication, Employee Relations, Recruitment, Payroll.

        Skills:
        Communication, Employee Relations, Recruitment, Payroll, Onboarding

        Experience:
        Developed and maintained solutions related to HR analytics dashboard. Collaborated with teams to improve productivity and project delivery.

        Education:
        Diploma in Information Technology

        Projects:
        Worked on HR analytics dashboard and prepared detailed reports and presentations.",HR
"Name: Diana Lewis
        Email: aharding@thomas.net
        Phone: (168)760-1266

        Summary:
        Michele Cooper is a motivated professional with 3 years of experience in hr. Worked on training and development initiative using Training, Communication, Conflict Resolution, Performance Management.

        Skills:
        Training, Communication, Conflict Resolution, Performance Management, Hiring, HR Policies, Payroll

        Experience:
        Developed and maintained solutions related to training and development initiative. Collaborated with teams to improve productivity and project delivery.

        Education:
        Diploma in Information Technology

        Projects:
        Worked on training and development initiative and prepared detailed reports and presentations.",HR
"Name: Cory Hayes
        Email: medinarichard@hotmail.com
        Phone: 653.740.3010x45910

        Summary:
        Cassandra Schneider is a motivated professional with 1 years of experience in hr. Worked on recruitment automation system using HR Policies, Communication, Performance Management, Hiring.

        Skills:
        HR Policies, Communication, Performance Management, Hiring, Payroll, Recruitment, Onboarding, Conflict Resolution

        Experience:
        Developed and maintained solutions related to recruitment automation system. Collaborated with teams to improve productivity and project delivery.

        Education:
        Diploma in Information Technology

        Projects:
        Worked on recruitment automation system and prepared detailed reports and presentations.",HR
"Name: Jason Thomas
        Email: connerrobert@carson.info
        Phone: 042-536-4565

        Summary:
        Chad Arias DDS is a motivated professional with 0 years of experience in hr. Worked on employee engagement program using Training, Recruitment, Communication, Hiring.

        Skills:
        Training, Recruitment, Communication, Hiring, HR Policies, Payroll, Employee Relations, Onboarding

        Experience:
        Developed and maintained solutions related to employee engagement program. Collaborated with teams to improve productivity and project delivery.

        Education:
        Bachelor of Technology in Computer Science

        Projects:
        Worked on employee engagement program and prepared detailed reports and presentations.",HR
"Name: Sharon Perez
        Email: adam44@wiley.net
        Phone: (816)930-1375x10884

        Summary:
        Stephanie Bell is a motivated professional with 4 years of experience in hr. Worked on training and development initiative using Conflict Resolution, Onboarding, HR Policies, Recruitment.

        Skills:
        Conflict Resolution, Onboarding, HR Policies, Recruitment, Employee Relations

        Experience:
        Developed and maintained solutions related to training and development initiative. Collaborated with teams to improve productivity and project delivery.

        Education:
        Master of Computer Applications

        Projects:
        Worked on training and development initiative and prepared detailed reports and presentations.",HR
"Name: Amanda Clark
        Email: karen58@gutierrez.com
        Phone: 382.279.3422x24475

        Summary:
        Kimberly Sherman is a motivated professional with 2 years of experience in hr. Worked on training and development initiative using Employee Relations, Onboarding, Recruitment, Training.

        Skills:
        Employee Relations, Onboarding, Recruitment, Training, HR Policies, Payroll, Communication

        Experience:
        Developed and maintained solutions related to training and development initiative. Collaborated with teams to improve productivity and project delivery.

        Education:
        Diploma in Information Technology

        Projects:
        Worked on training and development initiative and prepared detailed reports and presentations.",HR
"Name: Lauren Pierce
        Email: brandon97@gmail.com
        Phone: +1-574-323-2186x0453

        Summary:
        Jessica Wilson is a motivated professional with 1 years of experience in hr. Worked on training and development initiative using Hiring, Performance Management, Training, Payroll.

        Skills:
        Hiring, Performance Management, Training, Payroll, HR Policies, Onboarding, Employee Relations

        Experience:
        Developed and maintained solutions related to training and development initiative. Collaborated with teams to improve productivity and project delivery.

        Education:
        Bachelor of Technology in Computer Science

        Projects:
        Worked on training and development initiative and prepared detailed reports and presentations.",HR
"Name: Tiffany Gibson
        Email: eileenpotts@yahoo.com
        Phone: 352-794-9448

        Summary:
        Joseph Watkins is a motivated professional with 1 years of experience in hr. Worked on training and development initiative using Training, Recruitment, Conflict Resolution, Onboarding.

        Skills:
        Training, Recruitment, Conflict Resolution, Onboarding, Performance Management, Communication, HR Policies, Employee Relations

        Experience:
        Developed and maintained solutions related to training and development initiative. Collaborated with teams to improve productivity and project delivery.

        Education:
        Bachelor of Business Administration

        Projects:
        Worked on training and development initiative and prepared detailed reports and presentations.",HR
"Name: Beth Diaz
        Email: yolandacontreras@hotmail.com
        Phone: 574.066.7765

        Summary:
        Devon Baxter is a motivated professional with 0 years of experience in hr. Worked on HR analytics dashboard using Recruitment, Onboarding, Performance Management, Payroll.

        Skills:
        Recruitment, Onboarding, Performance Management, Payroll, HR Policies, Conflict Resolution, Training

        Experience:
        Developed and maintained solutions related to HR analytics dashboard. Collaborated with teams to improve productivity and project delivery.

        Education:
        Bachelor of Commerce

        Projects:
        Worked on HR analytics dashboard and prepared detailed reports and presentations.",HR
"Name: Brent Harper
        Email: ericcraig@medina-rios.com
        Phone: (801)353-7512x60967

        Summary:
        Nancy Cortez is a motivated professional with 1 years of experience in hr. Worked on attendance management system using Communication, Payroll, Hiring, Employee Relations.

        Skills:
        Communication, Payroll, Hiring, Employee Relations, Recruitment, Training, HR Policies

        Experience:
        Developed and maintained solutions related to attendance management system. Collaborated with teams to improve productivity and project delivery.

        Education:
        Bachelor of Technology in Computer Science

        Projects:
        Worked on attendance management system and prepared detailed reports and presentations.",HR
"Name: Peter Smith
        Email: rodgerssara@hotmail.com
        Phone: 001-590-852-2766x3689

        Summary:
        Andrea Anderson is a motivated professional with 5 years of experience in hr. Worked on attendance management system using Communication, Onboarding, Performance Management, Recruitment.

        Skills:
        Communication, Onboarding, Performance Management, Recruitment, Conflict Resolution, Hiring, Payroll, Employee Relations

        Experience:
        Developed and maintained solutions related to attendance management system. Collaborated with teams to improve productivity and project delivery.

        Education:
        Diploma in Information Technology

        Projects:
        Worked on attendance management system and prepared detailed reports and presentations.",HR
"Name: April Johnson
        Email: william79@gmail.com
        Phone: +1-375-814-3286

        Summary:
        Frank Craig is a motivated professional with 4 years of experience in hr. Worked on attendance management system using Hiring, Conflict Resolution, Performance Management, Communication.

        Skills:
        Hiring, Conflict Resolution, Performance Management, Communication, Payroll, HR Policies

        Experience:
        Developed and maintained solutions related to attendance management system. Collaborated with teams to improve productivity and project delivery.

        Education:
        Bachelor of Business Administration

        Projects:
        Worked on attendance management system and prepared detailed reports and presentations.",HR
"Name: David Blackwell
        Email: wcosta@yahoo.com
        Phone: (381)911-4327

        Summary:
        Jessica Weber is a motivated professional with 5 years of experience in hr. Worked on attendance management system using Onboarding, Training, Performance Management, Communication.

        Skills:
        Onboarding, Training, Performance Management, Communication, Conflict Resolution, Employee Relations, Payroll, HR Policies

        Experience:
        Developed and maintained solutions related to attendance management system. Collaborated with teams to improve productivity and project delivery.

        Education:
        Master of Computer Applications

        Projects:
        Worked on attendance management system and prepared detailed reports and presentations.",HR
"Name: April Lopez
        Email: timothycain@gmail.com
        Phone: 4465085117

        Summary:
        Mr. Mark Guerrero is a motivated professional with 5 years of experience in hr. Worked on HR analytics dashboard using Conflict Resolution, Onboarding, Training, Employee Relations.

        Skills:
        Conflict Resolution, Onboarding, Training, Employee Relations, Payroll, HR Policies, Communication

        Experience:
        Developed and maintained solutions related to HR analytics dashboard. Collaborated with teams to improve productivity and project delivery.

        Education:
        Master of Computer Applications

        Projects:
        Worked on HR analytics dashboard and prepared detailed reports and presentations.",HR
"Name: Mr. Jacob Hoffman
        Email: yfarrell@allen.com
        Phone: 086-133-0632x942

        Summary:
        Erin Barron is a motivated professional with 2 years of experience in hr. Worked on HR analytics dashboard using Recruitment, Employee Relations, Hiring, HR Policies.

        Skills:
        Recruitment, Employee Relations, Hiring, HR Policies, Conflict Resolution, Performance Management, Payroll, Communication

        Experience:
        Developed and maintained solutions related to HR analytics dashboard. Collaborated with teams to improve productivity and project delivery.

        Education:
        Bachelor of Technology in Computer Science

        Projects:
        Worked on HR analytics dashboard and prepared detailed reports and presentations.",HR
"Name: Kristin Johnson
        Email: jason31@lucas.com
        Phone: 001-978-342-6731x86464

        Summary:
        James Roach is a motivated professional with 3 years of experience in hr. Worked on recruitment automation system using Onboarding, Payroll, HR Policies, Training.

        Skills:
        Onboarding, Payroll, HR Policies, Training, Employee Relations, Performance Management, Hiring, Conflict Resolution

        Experience:
        Developed and maintained solutions related to recruitment automation system. Collaborated with teams to improve productivity and project delivery.

        Education:
        Bachelor of Business Administration

        Projects:
        Worked on recruitment automation system and prepared detailed reports and presentations.",HR
"Name: Claudia Jacobson
        Email: thomasbailey@gmail.com
        Phone: +1-568-408-1837x267

        Summary:
        David Banks is a motivated professional with 5 years of experience in hr. Worked on attendance management system using Performance Management, Recruitment, Conflict Resolution, Training.

        Skills:
        Performance Management, Recruitment, Conflict Resolution, Training, HR Policies, Onboarding

        Experience:
        Developed and maintained solutions related to attendance management system. Collaborated with teams to improve productivity and project delivery.

        Education:
        Bachelor of Technology in Computer Science

        Projects:
        Worked on attendance management system and prepared detailed reports and presentations.",HR
"Name: Holly Rodriguez
        Email: fergusonnicole@nolan.com
        Phone: (336)107-9105

        Summary:
        Alexis Baker is a motivated professional with 3 years of experience in hr. Worked on training and development initiative using Onboarding, Employee Relations, Conflict Resolution, Hiring.

        Skills:
        Onboarding, Employee Relations, Conflict Resolution, Hiring, Communication

        Experience:
        Developed and maintained solutions related to training and development initiative. Collaborated with teams to improve productivity and project delivery.

        Education:
        Bachelor of Technology in Computer Science

        Projects:
        Worked on training and development initiative and prepared detailed reports and presentations.",HR
"Name: Kevin Hampton
        Email: cwright@yahoo.com
        Phone: 729.392.7327x4992

        Summary:
        Sarah Wilson is a motivated professional with 2 years of experience in hr. Worked on employee engagement program using Payroll, Training, Hiring, Employee Relations.

        Skills:
        Payroll, Training, Hiring, Employee Relations, Recruitment, Onboarding, HR Policies, Performance Management

        Experience:
        Developed and maintained solutions related to employee engagement program. Collaborated with teams to improve productivity and project delivery.

        Education:
        Bachelor of Business Administration

        Projects:
        Worked on employee engagement program and prepared detailed reports and presentations.",HR
"Name: John Meyer
        Email: shawnrobinson@conley.com
        Phone: +1-714-265-4048x426

        Summary:
        Nancy Gross DVM is a motivated professional with 1 years of experience in hr. Worked on recruitment automation system using Conflict Resolution, Hiring, Performance Management, HR Policies.

        Skills:
        Conflict Resolution, Hiring, Performance Management, HR Policies, Employee Relations

        Experience:
        Developed and maintained solutions related to recruitment automation system. Collaborated with teams to improve productivity and project delivery.

        Education:
        Master of Computer Applications

        Projects:
        Worked on recruitment automation system and prepared detailed reports and presentations.",HR
"Name: Dr. Christian Scott
        Email: rachael15@marquez.biz
        Phone: 001-044-031-5156x768

        Summary:
        Gina Townsend is a motivated professional with 5 years of experience in hr. Worked on attendance management system using Conflict Resolution, Recruitment, Communication, Hiring.

        Skills:
        Conflict Resolution, Recruitment, Communication, Hiring, Training, Employee Relations, Payroll, Performance Management

        Experience:
        Developed and maintained solutions related to attendance management system. Collaborated with teams to improve productivity and project delivery.

        Education:
        Bachelor of Commerce

        Projects:
        Worked on attendance management system and prepared detailed reports and presentations.",HR
"Name: David Hendrix
        Email: richardmarshall@smith.biz
        Phone: 001-975-864-7101

        Summary:
        Tina Jones is a motivated professional with 3 years of experience in hr. Worked on employee engagement program using Training, Recruitment, Performance Management, Conflict Resolution.

        Skills:
        Training, Recruitment, Performance Management, Conflict Resolution, Employee Relations, HR Policies, Payroll, Communication

        Experience:
        Developed and maintained solutions related to employee engagement program. Collaborated with teams to improve productivity and project delivery.

        Education:
        Bachelor of Technology in Computer Science

        Projects:
        Worked on employee engagement program and prepared detailed reports and presentations.",HR
"Name: Cynthia Thompson PhD
        Email: travis16@gmail.com
        Phone: (505)917-0548x71088

        Summary:
        Thomas Davis is a motivated professional with 4 years of experience in general. Worked on office management support using Time Management, Data Entry, Customer Support, Excel.

        Skills:
        Time Management, Data Entry, Customer Support, Excel, MS Office

        Experience:
        Developed and maintained solutions related to office management support. Collaborated with teams to improve productivity and project delivery.

        Education:
        Diploma in Information Technology

        Projects:
        Worked on office management support and prepared detailed reports and presentations.",General
"Name: Laurie Lam
        Email: pwalker@hotmail.com
        Phone: 001-366-238-6812x256

        Summary:
        Mr. Matthew Diaz Jr. is a motivated professional with 5 years of experience in general. Worked on basic inventory management using Documentation, Time Management, Excel, Teamwork.

        Skills:
        Documentation, Time Management, Excel, Teamwork, Internet Browsing

        Experience:
        Developed and maintained solutions related to basic inventory management. Collaborated with teams to improve productivity and project delivery.

        Education:
        Diploma in Information Technology

        Projects:
        Worked on basic inventory management and prepared detailed reports and presentations.",General
"Name: Andrew Sherman
        Email: garrett71@smith.com
        Phone: (362)983-7584

        Summary:
        Brad Williamson is a motivated professional with 0 years of experience in general. Worked on customer support workflow using MS Office, Data Entry, Time Management, Internet Browsing.

        Skills:
        MS Office, Data Entry, Time Management, Internet Browsing, Customer Support, Communication, Excel

        Experience:
        Developed and maintained solutions related to customer support workflow. Collaborated with teams to improve productivity and project delivery.

        Education:
        Master of Computer Applications

        Projects:
        Worked on customer support workflow and prepared detailed reports and presentations.",General
"Name: Lisa Ellis
        Email: brownjohn@swanson.com
        Phone: 586.115.7889x334

        Summary:
        Nicole Santos is a motivated professional with 3 years of experience in general. Worked on documentation handling system using Teamwork, Data Entry, Presentation Skills, Excel.

        Skills:
        Teamwork, Data Entry, Presentation Skills, Excel, Time Management

        Experience:
        Developed and maintained solutions related to documentation handling system. Collaborated with teams to improve productivity and project delivery.

        Education:
        Diploma in Information Technology

        Projects:
        Worked on documentation handling system and prepared detailed reports and presentations.",General
"Name: Mr. Anthony Davis
        Email: psantos@hotmail.com
        Phone: +1-662-855-3196x72547

        Summary:
        Shirley Smith is a motivated professional with 3 years of experience in general. Worked on documentation handling system using Internet Browsing, Excel, Customer Support, Documentation.

        Skills:
        Internet Browsing, Excel, Customer Support, Documentation, Time Management, Data Entry, Presentation Skills, Communication

        Experience:
        Developed and maintained solutions related to documentation handling system. Collaborated with teams to improve productivity and project delivery.

        Education:
        Bachelor of Business Administration

        Projects:
        Worked on documentation handling system and prepared detailed reports and presentations.",General
"Name: Mary Green
        Email: christopherspears@walton-morrison.com
        Phone: (697)569-4908

        Summary:
        Susan Roberts is a motivated professional with 0 years of experience in general. Worked on administrative reporting using MS Office, Customer Support, Documentation, Internet Browsing.

        Skills:
        MS Office, Customer Support, Documentation, Internet Browsing, Presentation Skills

        Experience:
        Developed and maintained solutions related to administrative reporting. Collaborated with teams to improve productivity and project delivery.

        Education:
        Bachelor of Technology in Computer Science

        Projects:
        Worked on administrative reporting and prepared detailed reports and presentations.",General
"Name: Daniel Roth
        Email: uherring@collins.com
        Phone: 001-465-976-3585x462

        Summary:
        Michael Mitchell is a motivated professional with 5 years of experience in general. Worked on customer support workflow using Communication, Presentation Skills, Internet Browsing, MS Office.

        Skills:
        Communication, Presentation Skills, Internet Browsing, MS Office, Time Management, Excel, Documentation, Data Entry

        Experience:
        Developed and maintained solutions related to customer support workflow. Collaborated with teams to improve productivity and project delivery.

        Education:
        Diploma in Information Technology

        Projects:
        Worked on customer support workflow and prepared detailed reports and presentations.",General
"Name: Rhonda Anderson
        Email: gonzalezmegan@johnson.com
        Phone: 416.922.5896

        Summary:
        Angela Baker is a motivated professional with 1 years of experience in general. Worked on basic inventory management using Excel, Customer Support, Communication, Internet Browsing.

        Skills:
        Excel, Customer Support, Communication, Internet Browsing, Data Entry, Time Management, Teamwork, MS Office

        Experience:
        Developed and maintained solutions related to basic inventory management. Collaborated with teams to improve productivity and project delivery.

        Education:
        Bachelor of Commerce

        Projects:
        Worked on basic inventory management and prepared detailed reports and presentations.",General
"Name: Victoria Sanders
        Email: jacqueline94@gmail.com
        Phone: 495.258.7086

        Summary:
        Sierra Lawrence is a motivated professional with 3 years of experience in general. Worked on basic inventory management using Documentation, Time Management, Communication, Teamwork.

        Skills:
        Documentation, Time Management, Communication, Teamwork, MS Office, Data Entry, Internet Browsing, Customer Support

        Experience:
        Developed and maintained solutions related to basic inventory management. Collaborated with teams to improve productivity and project delivery.

        Education:
        Master of Computer Applications

        Projects:
        Worked on basic inventory management and prepared detailed reports and presentations.",General
"Name: Richard Nicholson
        Email: andreahamilton@elliott-levine.org
        Phone: (520)832-4584x169

        Summary:
        Tiffany Freeman is a motivated professional with 5 years of experience in general. Worked on office management support using Excel, Teamwork, Presentation Skills, MS Office.

        Skills:
        Excel, Teamwork, Presentation Skills, MS Office, Time Management

        Experience:
        Developed and maintained solutions related to office management support. Collaborated with teams to improve productivity and project delivery.

        Education:
        Bachelor of Business Administration

        Projects:
        Worked on office management support and prepared detailed reports and presentations.",General
"Name: Barbara Stewart
        Email: juarezjohn@wu-morgan.com
        Phone: 001-120-390-2592x925

        Summary:
        Jerry Wolf is a motivated professional with 2 years of experience in general. Worked on documentation handling system using Teamwork, Communication, Internet Browsing, MS Office.

        Skills:
        Teamwork, Communication, Internet Browsing, MS Office, Presentation Skills, Customer Support, Documentation

        Experience:
        Developed and maintained solutions related to documentation handling system. Collaborated with teams to improve productivity and project delivery.

        Education:
        Diploma in Information Technology

        Projects:
        Worked on documentation handling system and prepared detailed reports and presentations.",General
"Name: Aaron Smith
        Email: robert36@gmail.com
        Phone: 001-155-224-5330x0605

        Summary:
        David Jackson is a motivated professional with 0 years of experience in general. Worked on documentation handling system using Teamwork, Communication, Internet Browsing, Time Management.

        Skills:
        Teamwork, Communication, Internet Browsing, Time Management, Data Entry, Documentation, Presentation Skills

        Experience:
        Developed and maintained solutions related to documentation handling system. Collaborated with teams to improve productivity and project delivery.

        Education:
        Master of Computer Applications

        Projects:
        Worked on documentation handling system and prepared detailed reports and presentations.",General
"Name: Denise Johnson
        Email: carrieroach@rodriguez-ortega.com
        Phone: 518-520-0319x272

        Summary:
        Justin Ingram is a motivated professional with 2 years of experience in general. Worked on office management support using Presentation Skills, Teamwork, Internet Browsing, Documentation.

        Skills:
        Presentation Skills, Teamwork, Internet Browsing, Documentation, Data Entry, Time Management, Communication

        Experience:
        Developed and maintained solutions related to office management support. Collaborated with teams to improve productivity and project delivery.

        Education:
        Bachelor of Technology in Computer Science

        Projects:
        Worked on office management support and prepared detailed reports and presentations.",General
"Name: Stephanie Ayala
        Email: tfowler@gilbert.com
        Phone: 4613213773

        Summary:
        Eric Russell DDS is a motivated professional with 3 years of experience in general. Worked on documentation handling system using MS Office, Customer Support, Presentation Skills, Data Entry.

        Skills:
        MS Office, Customer Support, Presentation Skills, Data Entry, Excel, Time Management, Internet Browsing

        Experience:
        Developed and maintained solutions related to documentation handling system. Collaborated with teams to improve productivity and project delivery.

        Education:
        Bachelor of Technology in Computer Science

        Projects:
        Worked on documentation handling system and prepared detailed reports and presentations.",General
"Name: Destiny Owen
        Email: xhuang@callahan-gregory.com
        Phone: 578.668.9016

        Summary:
        Jason Warner is a motivated professional with 3 years of experience in general. Worked on administrative reporting using Teamwork, Time Management, Customer Support, Presentation Skills.

        Skills:
        Teamwork, Time Management, Customer Support, Presentation Skills, Communication, Documentation, MS Office, Data Entry

        Experience:
        Developed and maintained solutions related to administrative reporting. Collaborated with teams to improve productivity and project delivery.

        Education:
        Diploma in Information Technology

        Projects:
        Worked on administrative reporting and prepared detailed reports and presentations.",General
"Name: Crystal Turner
        Email: ocarson@nelson.com
        Phone: 001-328-640-7162x70256

        Summary:
        Thomas Snyder is a motivated professional with 4 years of experience in general. Worked on documentation handling system using MS Office, Data Entry, Presentation Skills, Teamwork.

        Skills:
        MS Office, Data Entry, Presentation Skills, Teamwork, Communication, Excel, Internet Browsing, Customer Support

        Experience:
        Developed and maintained solutions related to documentation handling system. Collaborated with teams to improve productivity and project delivery.

        Education:
        Bachelor of Commerce

        Projects:
        Worked on documentation handling system and prepared detailed reports and presentations.",General
"Name: Raymond Johnson
        Email: jessicale@yahoo.com
        Phone: +1-469-979-5569x7467

        Summary:
        Amy Conner is a motivated professional with 5 years of experience in general. Worked on documentation handling system using Customer Support, Excel, Internet Browsing, Teamwork.

        Skills:
        Customer Support, Excel, Internet Browsing, Teamwork, MS Office, Communication, Time Management, Documentation

        Experience:
        Developed and maintained solutions related to documentation handling system. Collaborated with teams to improve productivity and project delivery.

        Education:
        Bachelor of Business Administration

        Projects:
        Worked on documentation handling system and prepared detailed reports and presentations.",General
"Name: Kenneth Smith
        Email: ronald84@yahoo.com
        Phone: 7972057676

        Summary:
        Ashley Munoz is a motivated professional with 1 years of experience in general. Worked on customer support workflow using Customer Support, Teamwork, Time Management, MS Office.

        Skills:
        Customer Support, Teamwork, Time Management, MS Office, Presentation Skills, Data Entry, Communication, Internet Browsing

        Experience:
        Developed and maintained solutions related to customer support workflow. Collaborated with teams to improve productivity and project delivery.

        Education:
        Master of Computer Applications

        Projects:
        Worked on customer support workflow and prepared detailed reports and presentations.",General
"Name: Michael Blevins
        Email: sandrareyes@whitaker.com
        Phone: (048)088-2327x0679

        Summary:
        Christina Combs is a motivated professional with 5 years of experience in general. Worked on documentation handling system using MS Office, Data Entry, Excel, Presentation Skills.

        Skills:
        MS Office, Data Entry, Excel, Presentation Skills, Communication, Teamwork, Customer Support, Time Management

        Experience:
        Developed and maintained solutions related to documentation handling system. Collaborated with teams to improve productivity and project delivery.

        Education:
        Bachelor of Business Administration

        Projects:
        Worked on documentation handling system and prepared detailed reports and presentations.",General
"Name: Kimberly Phillips
        Email: julie70@hotmail.com
        Phone: +1-390-378-5830

        Summary:
        Jennifer Greer is a motivated professional with 0 years of experience in general. Worked on office management support using Data Entry, Excel, MS Office, Customer Support.

        Skills:
        Data Entry, Excel, MS Office, Customer Support, Presentation Skills, Time Management, Internet Browsing, Communication

        Experience:
        Developed and maintained solutions related to office management support. Collaborated with teams to improve productivity and project delivery.

        Education:
        Bachelor of Technology in Computer Science

        Projects:
        Worked on office management support and prepared detailed reports and presentations.",General
"Name: Herbert Lee
        Email: annamiller@yahoo.com
        Phone: 001-105-636-1407

        Summary:
        Jennifer Kim is a motivated professional with 2 years of experience in general. Worked on basic inventory management using Teamwork, Internet Browsing, Communication, Excel.

        Skills:
        Teamwork, Internet Browsing, Communication, Excel, Presentation Skills, Customer Support

        Experience:
        Developed and maintained solutions related to basic inventory management. Collaborated with teams to improve productivity and project delivery.

        Education:
        Bachelor of Technology in Computer Science

        Projects:
        Worked on basic inventory management and prepared detailed reports and presentations.",General
"Name: Derek Nixon
        Email: toddspence@gomez-hughes.org
        Phone: 219-039-7703x4772

        Summary:
        Maria Wood is a motivated professional with 0 years of experience in general. Worked on customer support workflow using Time Management, Internet Browsing, Teamwork, Communication.

        Skills:
        Time Management, Internet Browsing, Teamwork, Communication, MS Office, Customer Support

        Experience:
        Developed and maintained solutions related to customer support workflow. Collaborated with teams to improve productivity and project delivery.

        Education:
        Bachelor of Commerce

        Projects:
        Worked on customer support workflow and prepared detailed reports and presentations.",General
"Name: Michael Mathis
        Email: ryan70@yahoo.com
        Phone: 324-597-3883x476

        Summary:
        Amber Massey is a motivated professional with 2 years of experience in general. Worked on administrative reporting using Internet Browsing, Documentation, Data Entry, Presentation Skills.

        Skills:
        Internet Browsing, Documentation, Data Entry, Presentation Skills, MS Office, Time Management, Excel, Customer Support

        Experience:
        Developed and maintained solutions related to administrative reporting. Collaborated with teams to improve productivity and project delivery.

        Education:
        Diploma in Information Technology

        Projects:
        Worked on administrative reporting and prepared detailed reports and presentations.",General
"Name: Tony Bartlett
        Email: scott79@james-kennedy.com
        Phone: 894-091-2030x55457

        Summary:
        Allison Middleton is a motivated professional with 1 years of experience in general. Worked on basic inventory management using Teamwork, Presentation Skills, Customer Support, Documentation.

        Skills:
        Teamwork, Presentation Skills, Customer Support, Documentation, Communication, MS Office

        Experience:
        Developed and maintained solutions related to basic inventory management. Collaborated with teams to improve productivity and project delivery.

        Education:
        Bachelor of Business Administration

        Projects:
        Worked on basic inventory management and prepared detailed reports and presentations.",General
"Name: Christopher Garcia
        Email: darren24@mathews.net
        Phone: 813-424-0745x93687

        Summary:
        Kimberly Greene is a motivated professional with 2 years of experience in general. Worked on basic inventory management using Time Management, Documentation, Presentation Skills, Internet Browsing.

        Skills:
        Time Management, Documentation, Presentation Skills, Internet Browsing, Excel, Communication

        Experience:
        Developed and maintained solutions related to basic inventory management. Collaborated with teams to improve productivity and project delivery.

        Education:
        Diploma in Information Technology

        Projects:
        Worked on basic inventory management and prepared detailed reports and presentations.",General
"Name: Andrea Gonzalez
        Email: lorettaleonard@jackson.com
        Phone: (411)388-4660

        Summary:
        Lisa Estrada is a motivated professional with 0 years of experience in general. Worked on customer support workflow using Documentation, Excel, Internet Browsing, MS Office.

        Skills:
        Documentation, Excel, Internet Browsing, MS Office, Teamwork

        Experience:
        Developed and maintained solutions related to customer support workflow. Collaborated with teams to improve productivity and project delivery.

        Education:
        Bachelor of Business Administration

        Projects:
        Worked on customer support workflow and prepared detailed reports and presentations.",General
"Name: Nicolas Gibson
        Email: wolfejennifer@williams.com
        Phone: 001-583-441-0397x694

        Summary:
        Danny Wells is a motivated professional with 2 years of experience in general. Worked on documentation handling system using Presentation Skills, Data Entry, Communication, MS Office.

        Skills:
        Presentation Skills, Data Entry, Communication, MS Office, Customer Support, Time Management, Teamwork, Excel

        Experience:
        Developed and maintained solutions related to documentation handling system. Collaborated with teams to improve productivity and project delivery.

        Education:
        Diploma in Information Technology

        Projects:
        Worked on documentation handling system and prepared detailed reports and presentations.",General
"Name: Nichole Cabrera
        Email: jennifercarrillo@smith.com
        Phone: 614-503-1237x009

        Summary:
        Nancy Porter is a motivated professional with 5 years of experience in general. Worked on office management support using Excel, Data Entry, Presentation Skills, MS Office.

        Skills:
        Excel, Data Entry, Presentation Skills, MS Office, Internet Browsing, Documentation, Customer Support, Time Management

        Experience:
        Developed and maintained solutions related to office management support. Collaborated with teams to improve productivity and project delivery.

        Education:
        Bachelor of Business Administration

        Projects:
        Worked on office management support and prepared detailed reports and presentations.",General
"Name: William Phelps
        Email: kristibenton@grimes-ramirez.com
        Phone: 001-229-947-2536x91798

        Summary:
        George Mcclure is a motivated professional with 5 years of experience in general. Worked on documentation handling system using Communication, MS Office, Presentation Skills, Excel.

        Skills:
        Communication, MS Office, Presentation Skills, Excel, Data Entry, Time Management

        Experience:
        Developed and maintained solutions related to documentation handling system. Collaborated with teams to improve productivity and project delivery.

        Education:
        Master of Computer Applications

        Projects:
        Worked on documentation handling system and prepared detailed reports and presentations.",General
"Name: Mr. James Murillo
        Email: yandersen@leon.biz
        Phone: 3828476064

        Summary:
        Marie Preston is a motivated professional with 4 years of experience in general. Worked on documentation handling system using Documentation, Communication, Time Management, Presentation Skills.

        Skills:
        Documentation, Communication, Time Management, Presentation Skills, Data Entry, Customer Support, Teamwork

        Experience:
        Developed and maintained solutions related to documentation handling system. Collaborated with teams to improve productivity and project delivery.

        Education:
        Master of Computer Applications

        Projects:
        Worked on documentation handling system and prepared detailed reports and presentations.",General
"Name: Anthony Ward
        Email: pettydawn@hotmail.com
        Phone: +1-756-909-5651x55694

        Summary:
        Steve Crawford is a motivated professional with 0 years of experience in general. Worked on administrative reporting using Documentation, Time Management, Presentation Skills, Customer Support.

        Skills:
        Documentation, Time Management, Presentation Skills, Customer Support, MS Office, Data Entry, Teamwork

        Experience:
        Developed and maintained solutions related to administrative reporting. Collaborated with teams to improve productivity and project delivery.

        Education:
        Bachelor of Technology in Computer Science

        Projects:
        Worked on administrative reporting and prepared detailed reports and presentations.",General
"Name: Justin Holder
        Email: jonathan75@hotmail.com
        Phone: +1-560-073-0770x7372

        Summary:
        Christina Ewing is a motivated professional with 4 years of experience in general. Worked on office management support using Communication, Teamwork, Data Entry, Time Management.

        Skills:
        Communication, Teamwork, Data Entry, Time Management, Documentation, Excel, Customer Support

        Experience:
        Developed and maintained solutions related to office management support. Collaborated with teams to improve productivity and project delivery.

        Education:
        Master of Computer Applications

        Projects:
        Worked on office management support and prepared detailed reports and presentations.",General
"Name: Anthony Franco
        Email: kathrynevans@gmail.com
        Phone: +1-371-294-6677x945

        Summary:
        Jesse Williams is a motivated professional with 0 years of experience in general. Worked on office management support using Documentation, Communication, Excel, Time Management.

        Skills:
        Documentation, Communication, Excel, Time Management, Presentation Skills, MS Office

        Experience:
        Developed and maintained solutions related to office management support. Collaborated with teams to improve productivity and project delivery.

        Education:
        Diploma in Information Technology

        Projects:
        Worked on office management support and prepared detailed reports and presentations.",General
"Name: Anthony Melendez
        Email: johnthompson@yahoo.com
        Phone: +1-685-133-1743

        Summary:
        Melissa Jackson is a motivated professional with 2 years of experience in general. Worked on documentation handling system using Communication, Presentation Skills, Teamwork, Internet Browsing.

        Skills:
        Communication, Presentation Skills, Teamwork, Internet Browsing, Data Entry, Excel

        Experience:
        Developed and maintained solutions related to documentation handling system. Collaborated with teams to improve productivity and project delivery.

        Education:
        Master of Computer Applications

        Projects:
        Worked on documentation handling system and prepared detailed reports and presentations.",General
"Name: Jody Mcknight
        Email: smartinez@gmail.com
        Phone: (882)259-3427x271

        Summary:
        Ashley Wilson is a motivated professional with 3 years of experience in general. Worked on administrative reporting using Data Entry, Documentation, Communication, Excel.

        Skills:
        Data Entry, Documentation, Communication, Excel, Presentation Skills, Time Management, MS Office, Internet Browsing

        Experience:
        Developed and maintained solutions related to administrative reporting. Collaborated with teams to improve productivity and project delivery.

        Education:
        Bachelor of Commerce

        Projects:
        Worked on administrative reporting and prepared detailed reports and presentations.",General
"Name: Benjamin Jones
        Email: joserivera@hernandez-wilson.com
        Phone: 094-054-6660x90364

        Summary:
        Eric White is a motivated professional with 3 years of experience in general. Worked on administrative reporting using MS Office, Customer Support, Presentation Skills, Teamwork.

        Skills:
        MS Office, Customer Support, Presentation Skills, Teamwork, Internet Browsing, Communication, Excel, Data Entry

        Experience:
        Developed and maintained solutions related to administrative reporting. Collaborated with teams to improve productivity and project delivery.

        Education:
        Master of Computer Applications

        Projects:
        Worked on administrative reporting and prepared detailed reports and presentations.",General
"Name: Shawn Ross
        Email: alexa20@yahoo.com
        Phone: 564.911.1157

        Summary:
        Katherine Johnston is a motivated professional with 4 years of experience in general. Worked on office management support using MS Office, Data Entry, Documentation, Internet Browsing.

        Skills:
        MS Office, Data Entry, Documentation, Internet Browsing, Presentation Skills, Excel

        Experience:
        Developed and maintained solutions related to office management support. Collaborated with teams to improve productivity and project delivery.

        Education:
        Bachelor of Technology in Computer Science

        Projects:
        Worked on office management support and prepared detailed reports and presentations.",General
"Name: Thomas Lucas
        Email: osmith@daugherty.com
        Phone: 191.137.9934x95297

        Summary:
        Margaret Daniels is a motivated professional with 4 years of experience in general. Worked on customer support workflow using Time Management, Presentation Skills, Communication, Excel.

        Skills:
        Time Management, Presentation Skills, Communication, Excel, Customer Support, Teamwork, Documentation, Internet Browsing

        Experience:
        Developed and maintained solutions related to customer support workflow. Collaborated with teams to improve productivity and project delivery.

        Education:
        Master of Computer Applications

        Projects:
        Worked on customer support workflow and prepared detailed reports and presentations.",General
"Name: Jacob Brock
        Email: browndonna@mora.com
        Phone: 901.094.1500

        Summary:
        Kellie Marshall is a motivated professional with 4 years of experience in general. Worked on administrative reporting using Presentation Skills, Internet Browsing, Customer Support, Data Entry.

        Skills:
        Presentation Skills, Internet Browsing, Customer Support, Data Entry, Documentation, Teamwork, Time Management, Communication

        Experience:
        Developed and maintained solutions related to administrative reporting. Collaborated with teams to improve productivity and project delivery.

        Education:
        Bachelor of Technology in Computer Science

        Projects:
        Worked on administrative reporting and prepared detailed reports and presentations.",General
"Name: Kristen Marshall
        Email: james49@hotmail.com
        Phone: 9796242683

        Summary:
        Joshua Rose is a motivated professional with 3 years of experience in general. Worked on documentation handling system using Excel, Teamwork, Communication, MS Office.

        Skills:
        Excel, Teamwork, Communication, MS Office, Customer Support, Internet Browsing, Presentation Skills

        Experience:
        Developed and maintained solutions related to documentation handling system. Collaborated with teams to improve productivity and project delivery.

        Education:
        Master of Computer Applications

        Projects:
        Worked on documentation handling system and prepared detailed reports and presentations.",General
"Name: Brett Howard
        Email: campbelldale@baker-ponce.com
        Phone: 282.255.0237

        Summary:
        Pamela Gray is a motivated professional with 5 years of experience in general. Worked on basic inventory management using Time Management, Data Entry, Teamwork, Communication.

        Skills:
        Time Management, Data Entry, Teamwork, Communication, Excel, MS Office, Documentation, Internet Browsing

        Experience:
        Developed and maintained solutions related to basic inventory management. Collaborated with teams to improve productivity and project delivery.

        Education:
        Bachelor of Business Administration

        Projects:
        Worked on basic inventory management and prepared detailed reports and presentations.",General
"Name: Jackie Andrews
        Email: obrienrobert@mcdaniel.biz
        Phone: +1-844-595-8000x467

        Summary:
        Haley Beasley is a motivated professional with 1 years of experience in general. Worked on documentation handling system using Teamwork, Communication, Presentation Skills, Time Management.

        Skills:
        Teamwork, Communication, Presentation Skills, Time Management, Excel

        Experience:
        Developed and maintained solutions related to documentation handling system. Collaborated with teams to improve productivity and project delivery.

        Education:
        Diploma in Information Technology

        Projects:
        Worked on documentation handling system and prepared detailed reports and presentations.",General
"Name: Joshua Bowen
        Email: byoung@hotmail.com
        Phone: 956.306.0408

        Summary:
        Nicholas Bryant is a motivated professional with 0 years of experience in general. Worked on office management support using Presentation Skills, Teamwork, Internet Browsing, Excel.

        Skills:
        Presentation Skills, Teamwork, Internet Browsing, Excel, Customer Support

        Experience:
        Developed and maintained solutions related to office management support. Collaborated with teams to improve productivity and project delivery.

        Education:
        Bachelor of Business Administration

        Projects:
        Worked on office management support and prepared detailed reports and presentations.",General
"Name: Brenda Harmon
        Email: wagnerelizabeth@robinson.org
        Phone: (980)120-3781

        Summary:
        Bradley Bullock is a motivated professional with 1 years of experience in general. Worked on basic inventory management using Time Management, Communication, Data Entry, Excel.

        Skills:
        Time Management, Communication, Data Entry, Excel, Teamwork, Internet Browsing, Documentation

        Experience:
        Developed and maintained solutions related to basic inventory management. Collaborated with teams to improve productivity and project delivery.

        Education:
        Master of Computer Applications

        Projects:
        Worked on basic inventory management and prepared detailed reports and presentations.",General
"Name: James Flores
        Email: matthew72@yahoo.com
        Phone: (710)275-7002

        Summary:
        Gary Ortiz is a motivated professional with 4 years of experience in general. Worked on office management support using Internet Browsing, Data Entry, Communication, Teamwork.

        Skills:
        Internet Browsing, Data Entry, Communication, Teamwork, Excel, MS Office, Presentation Skills, Time Management

        Experience:
        Developed and maintained solutions related to office management support. Collaborated with teams to improve productivity and project delivery.

        Education:
        Bachelor of Commerce

        Projects:
        Worked on office management support and prepared detailed reports and presentations.",General
"Name: Veronica Hamilton
        Email: ubarber@peterson.org
        Phone: 538.212.5201x4945

        Summary:
        Julie Owens is a motivated professional with 4 years of experience in general. Worked on documentation handling system using Teamwork, Documentation, MS Office, Excel.

        Skills:
        Teamwork, Documentation, MS Office, Excel, Internet Browsing, Communication

        Experience:
        Developed and maintained solutions related to documentation handling system. Collaborated with teams to improve productivity and project delivery.

        Education:
        Diploma in Information Technology

        Projects:
        Worked on documentation handling system and prepared detailed reports and presentations.",General
"Name: Sara Morrison
        Email: molly13@gmail.com
        Phone: (484)542-4132

        Summary:
        Joshua Hansen is a motivated professional with 5 years of experience in general. Worked on basic inventory management using Excel, Teamwork, Documentation, Time Management.

        Skills:
        Excel, Teamwork, Documentation, Time Management, Customer Support, Internet Browsing

        Experience:
        Developed and maintained solutions related to basic inventory management. Collaborated with teams to improve productivity and project delivery.

        Education:
        Bachelor of Technology in Computer Science

        Projects:
        Worked on basic inventory management and prepared detailed reports and presentations.",General
"Name: Paul Williams
        Email: lindamccarty@hotmail.com
        Phone: 872.720.9444

        Summary:
        Stephanie Harrington is a motivated professional with 2 years of experience in general. Worked on documentation handling system using Internet Browsing, Data Entry, Excel, Customer Support.

        Skills:
        Internet Browsing, Data Entry, Excel, Customer Support, Documentation, Time Management, Presentation Skills

        Experience:
        Developed and maintained solutions related to documentation handling system. Collaborated with teams to improve productivity and project delivery.

        Education:
        Master of Computer Applications

        Projects:
        Worked on documentation handling system and prepared detailed reports and presentations.",General
"Name: David Hamilton
        Email: bradley29@johnson.net
        Phone: +1-169-638-6270x719

        Summary:
        Joseph Mason is a motivated professional with 1 years of experience in general. Worked on basic inventory management using Time Management, Internet Browsing, MS Office, Teamwork.

        Skills:
        Time Management, Internet Browsing, MS Office, Teamwork, Data Entry, Documentation

        Experience:
        Developed and maintained solutions related to basic inventory management. Collaborated with teams to improve productivity and project delivery.

        Education:
        Master of Computer Applications

        Projects:
        Worked on basic inventory management and prepared detailed reports and presentations.",General
"Name: Kimberly Taylor
        Email: wellsthomas@summers.com
        Phone: (709)289-1361x819

        Summary:
        Kimberly Bryant is a motivated professional with 1 years of experience in general. Worked on office management support using Time Management, Data Entry, Presentation Skills, Communication.

        Skills:
        Time Management, Data Entry, Presentation Skills, Communication, Excel, Internet Browsing

        Experience:
        Developed and maintained solutions related to office management support. Collaborated with teams to improve productivity and project delivery.

        Education:
        Master of Computer Applications

        Projects:
        Worked on office management support and prepared detailed reports and presentations.",General
